----------------------------------------------------------------
input ids : {'input_ids': tensor([[100000]]), 'attention_mask': tensor([[1]])}
----------------------------------------------------------------
[PYTHON] RoPE inv_freq (first 10): [1.0, 0.7498942017555237, 0.5623413324356079, 0.4216965138912201, 0.3162277638912201, 0.23713736236095428, 0.17782793939113617, 0.1333521455526352, 0.10000000149011612, 0.07498941570520401]
[PYTHON] input hidden state of decoder layer: [-0.0189208984375, 0.0228271484375, 0.0255126953125, -0.0157470703125, -0.01324462890625, -0.004791259765625, -0.027099609375, 0.0245361328125, -0.0079345703125, -0.0096435546875, 0.0001049041748046875, -0.00396728515625, -0.0101318359375, 0.03125, -0.0269775390625, -0.003265380859375, 0.021240234375, -0.01397705078125, -0.03857421875, -0.025634765625]
[PYTHON] input_layernorm layer: [-0.14721491932868958, 0.1667613983154297, 0.16819694638252258, -0.11129752546548843, -0.09518399089574814, -0.03315235674381256, -0.15612538158893585, 0.18143214285373688, -0.05231005325913429, -0.05498536676168442, 0.0008722873753868043, -0.024859055876731873, -0.07822944968938828, 0.2004529982805252, -0.27719616889953613, -0.029285293072462082, 0.509658694267273, -0.089240662753582, -0.2210870087146759, -0.20249754190444946]
[PYTHON] Layer 0 value_states head0 (last 10): [0.047174882143735886, 0.10273832827806473, 0.13589897751808167, 0.027439188212156296, 0.16744397580623627, -0.038638364523649216, 0.04008978605270386, 0.033345095813274384, 0.019224483519792557, -0.10551556199789047]
[PYTHON] Layer 0 q_nope head0 (last 10): [2.6285288333892822, 1.086306095123291, -0.6023975014686584, 0.2713403105735779, -2.66300892829895, 1.8757777214050293, -2.274146318435669, -0.7142359018325806, 2.069000244140625, 0.6172773838043213]
[PYTHON] Layer 0 q_pe after RoPE head0 (last 10): [-3.6140928268432617, -2.664424419403076, 3.852360963821411, 4.481114864349365, -7.12270975112915, 4.707416534423828, -4.854104518890381, 0.007714281789958477, 1.8492337465286255, 0.9110338687896729]
[PYTHON] Layer 0 k_nope head0 (last 10): [-0.3078729510307312, 0.08117307722568512, -0.05953872948884964, -0.016435101628303528, -0.08690042048692703, -0.30515262484550476, 0.2906494140625, -0.49169763922691345, -0.037744998931884766, -0.10281014442443848]
[PYTHON] Layer 0 k_pe after RoPE (last 10): [1.3394999504089355, 1.3475838899612427, 0.6728336811065674, 0.012548440136015415, 1.8682146072387695, -3.2964084148406982, 0.7935076355934143, -0.07335090637207031, 0.6366044282913208, 1.9984748363494873]
[PYTHON] Layer 0 attn_output BEFORE o_proj (last 20): [0.012659532949328423, -0.005638387985527515, 0.01767450012266636, 0.0015073257964104414, -0.0014047396834939718, -0.006944725755602121, -0.009145405143499374, 0.002725029131397605, 0.008637185208499432, -0.01918349787592888, 0.280517041683197, 0.1388348937034607, 0.010412540286779404, -0.0043582371436059475, 0.01209552027285099, 0.03404631093144417, -0.009262645617127419, 0.0009919423609972, 0.062055252492427826, 0.022886881604790688]
[PYTHON] attention output : [-0.026251623407006264, 0.06934649497270584, -0.007058802992105484, -0.1272404044866562, -0.09773391485214233, -0.07220543175935745, -0.1277507096529007, 0.1848181039094925, 0.03371749073266983, -0.0018431362695991993, 0.09139128774404526, -0.16396360099315643, -0.022004621103405952, -0.16131485998630524, -0.03830459713935852, 0.1469707489013672, -0.12599244713783264, -0.01804879866540432, 0.07955677807331085, -0.07929974049329758]
[PYTHON] attention + residual output : [-0.045172519981861115, 0.09217364341020584, 0.018453892320394516, -0.1429874747991562, -0.11097854375839233, -0.07699669152498245, -0.1548503190279007, 0.2093542367219925, 0.02578292042016983, -0.011486690491437912, 0.09149619191884995, -0.16793088614940643, -0.0321364551782608, -0.13006485998630524, -0.06528213620185852, 0.1437053680419922, -0.10475221276283264, -0.03202585130929947, 0.04098255932331085, -0.10493450611829758]
[PYTHON] post layer norm output : [-0.03158396854996681, 0.07533270120620728, 0.01194370910525322, -0.10672981292009354, -0.08965319395065308, -0.050561219453811646, -0.0972958654165268, 0.18000468611717224, 0.018027042970061302, -0.006674683652818203, 0.06613405048847198, -0.12931498885154724, -0.02884577587246895, -0.09093945473432541, -0.061681512743234634, 0.11066015064716339, -0.13757473230361938, -0.021030332893133163, 0.024588581174612045, -0.07485588639974594]
[PYTHON] MLP output : [0.029524855315685272, 0.0286762285977602, 0.03615128993988037, -0.15412750840187073, -0.0035804712679237127, 0.04711579903960228, -0.05723000317811966, -0.049102649092674255, -0.05125785246491432, 0.010329962708055973, 0.09772153943777084, 0.025346461683511734, -0.02050805278122425, -0.003426914568990469, -0.0508614107966423, 0.12998780608177185, 0.13266205787658691, 0.03177811577916145, 0.07796487212181091, -0.012530120089650154]
[PYTHON] MLP + residual output : [-0.015647664666175842, 0.12084987014532089, 0.05460518226027489, -0.2971149682998657, -0.11455901712179184, -0.029880892485380173, -0.21208032965660095, 0.16025158762931824, -0.02547493204474449, -0.001156727783381939, 0.1892177313566208, -0.142584428191185, -0.052644506096839905, -0.13349176943302155, -0.11614354699850082, 0.27369317412376404, 0.027909845113754272, -0.00024773553013801575, 0.11894743144512177, -0.11746462434530258]
[PYTHON] input hidden state of decoder layer: [-0.015647664666175842, 0.12084987014532089, 0.05460518226027489, -0.2971149682998657, -0.11455901712179184, -0.029880892485380173, -0.21208032965660095, 0.16025158762931824, -0.02547493204474449, -0.001156727783381939, 0.1892177313566208, -0.142584428191185, -0.052644506096839905, -0.13349176943302155, -0.11614354699850082, 0.27369317412376404, 0.027909845113754272, -0.00024773553013801575, 0.11894743144512177, -0.11746462434530258]
[PYTHON] input_layernorm layer: [-0.09908918291330338, 0.8542709946632385, 0.3554384112358093, -2.0390069484710693, -0.7963051795959473, -0.20242290198802948, -1.1868401765823364, 1.0336766242980957, -0.1523166298866272, -0.005621515214443207, 1.2093716859817505, -0.986911416053772, -0.38764244318008423, -0.8964531421661377, -1.0194116830825806, 1.8621480464935303, 0.22524036467075348, -0.0013863731874153018, 0.5570452213287354, -0.6919509768486023]
[PYTHON] attention output : [-0.016816217452287674, -0.0037066189106553793, -0.029043177142739296, 0.024774720892310143, 0.02985328622162342, -0.013312697410583496, 0.02926911599934101, -0.050169557332992554, -0.013318960554897785, 0.05237900838255882, -0.013833661563694477, 0.03183360770344734, -0.024883082136511803, -0.004341803956776857, 0.033847492188215256, -0.026764120906591415, 0.004402737598866224, -0.012243988923728466, 0.003328304272145033, -7.961457595229149e-05]
[PYTHON] attention + residual output : [-0.032463882118463516, 0.11714325100183487, 0.02556200511753559, -0.27234023809432983, -0.08470573276281357, -0.04319358989596367, -0.1828112155199051, 0.11008203029632568, -0.0387938916683197, 0.05122227966785431, 0.17538407444953918, -0.11075082421302795, -0.07752759009599686, -0.1378335803747177, -0.08229605853557587, 0.24692904949188232, 0.032312583178281784, -0.012491724453866482, 0.12227573245763779, -0.11754424124956131]
[PYTHON] post layer norm output : [-0.13496623933315277, 0.580120325088501, 0.10392794013023376, -1.2238126993179321, -0.4168928563594818, -0.16571003198623657, -0.6370792388916016, 0.5249607563018799, -0.16365459561347961, 0.15893177688121796, 0.7720375657081604, -0.5416923761367798, -0.38867437839508057, -0.6278083324432373, -0.4176119565963745, 1.117171049118042, 0.17681150138378143, -0.04448710009455681, 0.441070556640625, -0.4671221971511841]
[PYTHON] MoE Input (last 20): [-0.13496623933315277, 0.580120325088501, 0.10392794013023376, -1.2238126993179321, -0.4168928563594818, -0.16571003198623657, -0.6370792388916016, 0.5249607563018799, -0.16365459561347961, 0.15893177688121796, 0.7720375657081604, -0.5416923761367798, -0.38867437839508057, -0.6278083324432373, -0.4176119565963745, 1.117171049118042, 0.17681150138378143, -0.04448710009455681, 0.441070556640625, -0.4671221971511841]
[PYTHON] TopK indices: [26, 60, 57, 56, 8, 43]
[PYTHON] TopK weights: [0.03761375695466995, 0.09066319465637207, 0.1607552319765091, 0.04016174376010895, 0.03671994060277939, 0.032610077410936356]
[PYTHON] Routed Expert Output (last 20): [-0.018772022798657417, -0.39560404419898987, 0.15112386643886566, 0.016577348113059998, -0.10042304545640945, -0.2991882264614105, 0.10203860700130463, 0.14119853079319, -0.08315369486808777, -0.09937574714422226, -0.22384411096572876, -0.13256864249706268, 0.1353367120027542, -0.1443895548582077, 0.003925158642232418, -0.022036168724298477, -0.3727041184902191, -0.2484893649816513, -0.32380908727645874, -0.0071787224151194096]
[PYTHON] Shared Expert Output (last 20): [0.036042436957359314, -0.016174321994185448, 0.006356711499392986, 0.02362261898815632, -0.01816188544034958, -0.0033331923186779022, 0.03784452751278877, -0.000377530581317842, 0.043710365891456604, 0.015916042029857635, -0.02101622335612774, 0.039544954895973206, 0.014309987425804138, 0.001457865466363728, -0.019464239478111267, -0.02912457287311554, -0.0515521876513958, -0.04497699439525604, 0.003836297895759344, 0.034239571541547775]
[PYTHON] Final MoE Output (last 20): [0.017270414158701897, -0.41177836060523987, 0.15748058259487152, 0.04019996523857117, -0.11858493089675903, -0.30252140760421753, 0.1398831307888031, 0.14082099497318268, -0.039443328976631165, -0.08345970511436462, -0.24486033618450165, -0.09302368760108948, 0.14964669942855835, -0.14293168485164642, -0.015539080835878849, -0.05116074159741402, -0.424256294965744, -0.29346635937690735, -0.31997278332710266, 0.027060849592089653]
[PYTHON] MLP output : [0.017270414158701897, -0.41177836060523987, 0.15748058259487152, 0.04019996523857117, -0.11858493089675903, -0.30252140760421753, 0.1398831307888031, 0.14082099497318268, -0.039443328976631165, -0.08345970511436462, -0.24486033618450165, -0.09302368760108948, 0.14964669942855835, -0.14293168485164642, -0.015539080835878849, -0.05116074159741402, -0.424256294965744, -0.29346635937690735, -0.31997278332710266, 0.027060849592089653]
[PYTHON] MLP + residual output : [-0.01519346795976162, -0.2946351170539856, 0.18304258584976196, -0.23214027285575867, -0.2032906711101532, -0.3457149863243103, -0.04292808473110199, 0.25090301036834717, -0.07823722064495087, -0.032237425446510315, -0.06947626173496246, -0.20377451181411743, 0.07211910933256149, -0.28076526522636414, -0.09783513844013214, 0.1957683116197586, -0.39194372296333313, -0.305958092212677, -0.19769704341888428, -0.09048338979482651]
[PYTHON] input hidden state of decoder layer: [-0.01519346795976162, -0.2946351170539856, 0.18304258584976196, -0.23214027285575867, -0.2032906711101532, -0.3457149863243103, -0.04292808473110199, 0.25090301036834717, -0.07823722064495087, -0.032237425446510315, -0.06947626173496246, -0.20377451181411743, 0.07211910933256149, -0.28076526522636414, -0.09783513844013214, 0.1957683116197586, -0.39194372296333313, -0.305958092212677, -0.19769704341888428, -0.09048338979482651]
[PYTHON] input_layernorm layer: [-0.04881870001554489, -1.0418057441711426, 0.601568877696991, -0.7901756763458252, -0.6382876038551331, -1.115902066230774, -0.13604433834552765, 0.7251991033554077, -0.2663094401359558, -0.10405626147985458, -0.2395462989807129, -0.6966120004653931, 0.24442605674266815, -0.9309728145599365, -0.308616042137146, 0.6634978652000427, -1.4721391201019287, -0.9202397465705872, -0.5279061794281006, -0.3053387403488159]
[PYTHON] attention output : [0.018874283879995346, -0.025527166202664375, -0.057446833699941635, 0.01109828520566225, 0.039563823491334915, 0.040177155286073685, -0.03411328047513962, 0.005059143994003534, -0.002449542051181197, 0.013865923509001732, 0.019696049392223358, -0.01595238409936428, -0.015339430421590805, 0.05348355323076248, -0.03262419253587723, -0.013092606328427792, 0.01648569479584694, 0.03507884219288826, 0.03973131254315376, -0.00604355800896883]
[PYTHON] attention + residual output : [0.0036808159202337265, -0.320162296295166, 0.12559574842453003, -0.2210419923067093, -0.16372685134410858, -0.3055378198623657, -0.07704136520624161, 0.25596216320991516, -0.08068676292896271, -0.018371501937508583, -0.049780212342739105, -0.21972689032554626, 0.05677967891097069, -0.22728171944618225, -0.13045933842658997, 0.18267570436000824, -0.3754580318927765, -0.27087923884391785, -0.1579657346010208, -0.09652695059776306]
[PYTHON] post layer norm output : [0.007196855265647173, -0.658939003944397, 0.24556905031204224, -0.43868783116340637, -0.3345659375190735, -0.5749392509460449, -0.13251249492168427, 0.5268061757087708, -0.1565753072500229, -0.031734343618154526, -0.09806376695632935, -0.4522288739681244, 0.11686056852340698, -0.4610952138900757, -0.27042156457901, 0.3625447154045105, -0.7837846875190735, -0.4778636395931244, -0.28912076354026794, -0.18731370568275452]
[PYTHON] MoE Input (last 20): [0.007196855265647173, -0.658939003944397, 0.24556905031204224, -0.43868783116340637, -0.3345659375190735, -0.5749392509460449, -0.13251249492168427, 0.5268061757087708, -0.1565753072500229, -0.031734343618154526, -0.09806376695632935, -0.4522288739681244, 0.11686056852340698, -0.4610952138900757, -0.27042156457901, 0.3625447154045105, -0.7837846875190735, -0.4778636395931244, -0.28912076354026794, -0.18731370568275452]
[PYTHON] TopK indices: [38, 62, 63, 3, 35, 60]
[PYTHON] TopK weights: [0.015000310726463795, 0.026743367314338684, 0.01670810393989086, 0.7268384695053101, 0.01344564650207758, 0.010979517363011837]
[PYTHON] Routed Expert Output (last 20): [-1.0308647155761719, 0.19161903858184814, 0.21330206096172333, 0.592567503452301, 0.8823939561843872, 0.23193275928497314, 0.1643541008234024, -0.3011687994003296, -0.09144327789545059, 1.1745469570159912, 0.28940698504447937, 0.18786056339740753, 0.4633854031562805, -0.5588486194610596, -0.144755020737648, -1.1408910751342773, -0.5793821215629578, 0.29699766635894775, -1.0487515926361084, 0.617522656917572]
[PYTHON] Shared Expert Output (last 20): [-0.013884264044463634, 0.020375147461891174, 0.02458413876593113, 0.04319608211517334, 0.02949812263250351, -0.0410965196788311, 0.017753828316926956, -0.025366483256220818, 0.025701412931084633, -0.03511830046772957, 0.011644789949059486, -0.0008217262802645564, -0.0011233639670535922, -0.009254483506083488, 0.008331993594765663, -0.0018183015054091811, 0.051946256309747696, 0.009421215392649174, 0.017209842801094055, 0.018705543130636215]
[PYTHON] Final MoE Output (last 20): [-1.0447490215301514, 0.21199418604373932, 0.2378862053155899, 0.6357635855674744, 0.9118920564651489, 0.19083623588085175, 0.18210792541503906, -0.32653528451919556, -0.06574186682701111, 1.1394286155700684, 0.3010517656803131, 0.1870388388633728, 0.46226203441619873, -0.5681030750274658, -0.1364230215549469, -1.1427093744277954, -0.527435839176178, 0.30641889572143555, -1.0315417051315308, 0.6362282037734985]
[PYTHON] MLP output : [-1.0447490215301514, 0.21199418604373932, 0.2378862053155899, 0.6357635855674744, 0.9118920564651489, 0.19083623588085175, 0.18210792541503906, -0.32653528451919556, -0.06574186682701111, 1.1394286155700684, 0.3010517656803131, 0.1870388388633728, 0.46226203441619873, -0.5681030750274658, -0.1364230215549469, -1.1427093744277954, -0.527435839176178, 0.30641889572143555, -1.0315417051315308, 0.6362282037734985]
[PYTHON] MLP + residual output : [-1.041068196296692, -0.1081681102514267, 0.36348193883895874, 0.41472160816192627, 0.7481651902198792, -0.11470158398151398, 0.10506656020879745, -0.0705731213092804, -0.14642862975597382, 1.121057152748108, 0.2512715458869934, -0.03268805146217346, 0.5190417170524597, -0.7953847646713257, -0.26688235998153687, -0.960033655166626, -0.9028939008712769, 0.0355396568775177, -1.1895074844360352, 0.5397012233734131]
[PYTHON] input hidden state of decoder layer: [-1.041068196296692, -0.1081681102514267, 0.36348193883895874, 0.41472160816192627, 0.7481651902198792, -0.11470158398151398, 0.10506656020879745, -0.0705731213092804, -0.14642862975597382, 1.121057152748108, 0.2512715458869934, -0.03268805146217346, 0.5190417170524597, -0.7953847646713257, -0.26688235998153687, -0.960033655166626, -0.9028939008712769, 0.0355396568775177, -1.1895074844360352, 0.5397012233734131]
[PYTHON] input_layernorm layer: [-0.561850905418396, -0.06501065939664841, 0.2148914486169815, 0.22280247509479523, 0.3799155652523041, -0.06274707615375519, 0.05567208677530289, -0.03497115150094032, -0.08261769264936447, 0.5912694931030273, 0.14115557074546814, -0.018523382022976875, 0.2826665937900543, -0.45267289876937866, -0.15712682902812958, -0.5769945979118347, -0.5758764147758484, 0.019267473369836807, -0.656551718711853, 0.31510087847709656]
[PYTHON] attention output : [0.01529777329415083, -0.026334967464208603, -0.013517703860998154, -0.004541623406112194, 0.036398209631443024, 0.023649202659726143, 0.007259052246809006, 0.012248593382537365, 0.014755618758499622, 0.02680850774049759, 0.0010701182764023542, 0.0027690771967172623, -0.01012851856648922, -0.006573767866939306, -0.0055033862590789795, 0.026238247752189636, -0.01604536734521389, -0.0038538221269845963, -0.04673226177692413, 0.022563161328434944]
[PYTHON] attention + residual output : [-1.0257704257965088, -0.1345030814409256, 0.3499642312526703, 0.4101799726486206, 0.784563422203064, -0.09105238318443298, 0.11232560873031616, -0.058324526995420456, -0.13167300820350647, 1.147865653038025, 0.2523416578769684, -0.0299189742654562, 0.5089132189750671, -0.8019585609436035, -0.27238574624061584, -0.9337953925132751, -0.9189392924308777, 0.03168583661317825, -1.2362397909164429, 0.5622643828392029]
[PYTHON] post layer norm output : [-0.3453544080257416, -0.04693694785237312, 0.11696524173021317, 0.14011463522911072, 0.2699294984340668, -0.029760295525193214, 0.03381498157978058, -0.020209921523928642, -0.04530217498540878, 0.3582523465156555, 0.08619816601276398, -0.010220114141702652, 0.17634254693984985, -0.2759143114089966, -0.0943838581442833, -0.3120936155319214, -0.318419873714447, 0.00969457533210516, -0.4071006178855896, 0.18653856217861176]
[PYTHON] MoE Input (last 20): [-0.3453544080257416, -0.04693694785237312, 0.11696524173021317, 0.14011463522911072, 0.2699294984340668, -0.029760295525193214, 0.03381498157978058, -0.020209921523928642, -0.04530217498540878, 0.3582523465156555, 0.08619816601276398, -0.010220114141702652, 0.17634254693984985, -0.2759143114089966, -0.0943838581442833, -0.3120936155319214, -0.318419873714447, 0.00969457533210516, -0.4071006178855896, 0.18653856217861176]
[PYTHON] TopK indices: [11, 54, 25, 9, 4, 12]
[PYTHON] TopK weights: [0.0008788450504653156, 0.9795912504196167, 0.0005304573569446802, 0.0006543412455357611, 0.0005355498869903386, 0.00047661166172474623]
[PYTHON] Routed Expert Output (last 20): [8.319952964782715, 8.255932807922363, 11.833229064941406, 12.600558280944824, 6.353183269500732, 9.684945106506348, 25.341821670532227, 1.1461814641952515, 35.15107345581055, -7.840707302093506, -12.808562278747559, -3.689683675765991, 14.399202346801758, -13.309211730957031, 6.172967910766602, -23.727834701538086, -12.959373474121094, -7.708112716674805, -8.729082107543945, 4.281247138977051]
[PYTHON] Shared Expert Output (last 20): [0.20754879713058472, 0.0795789286494255, 0.2017931193113327, 0.04770083725452423, 0.007653675973415375, -0.17004524171352386, 0.35543397068977356, 0.1294633448123932, 0.0694180577993393, 0.013196572661399841, 0.2926046848297119, -0.17373274266719818, -0.1087472140789032, 0.04856392741203308, -0.1546909511089325, -0.2698085904121399, -0.09010306000709534, -0.18452636897563934, 0.2020581066608429, 0.0247977152466774]
[PYTHON] Final MoE Output (last 20): [8.527502059936523, 8.335512161254883, 12.035021781921387, 12.648259162902832, 6.360836982727051, 9.514900207519531, 25.697256088256836, 1.2756447792053223, 35.22049331665039, -7.827510833740234, -12.515957832336426, -3.8634164333343506, 14.290454864501953, -13.260647773742676, 6.018277168273926, -23.997642517089844, -13.049476623535156, -7.89263916015625, -8.527024269104004, 4.306045055389404]
[PYTHON] MLP output : [8.527502059936523, 8.335512161254883, 12.035021781921387, 12.648259162902832, 6.360836982727051, 9.514900207519531, 25.697256088256836, 1.2756447792053223, 35.22049331665039, -7.827510833740234, -12.515957832336426, -3.8634164333343506, 14.290454864501953, -13.260647773742676, 6.018277168273926, -23.997642517089844, -13.049476623535156, -7.89263916015625, -8.527024269104004, 4.306045055389404]
[PYTHON] MLP + residual output : [7.501731872558594, 8.201008796691895, 12.38498592376709, 13.058439254760742, 7.145400524139404, 9.423848152160645, 25.809581756591797, 1.217320203781128, 35.08882141113281, -6.67964506149292, -12.263616561889648, -3.8933353424072266, 14.799367904663086, -14.062606811523438, 5.745891571044922, -24.931438446044922, -13.968416213989258, -7.860953330993652, -9.763263702392578, 4.868309497833252]
[PYTHON] input hidden state of decoder layer: [7.501731872558594, 8.201008796691895, 12.38498592376709, 13.058439254760742, 7.145400524139404, 9.423848152160645, 25.809581756591797, 1.217320203781128, 35.08882141113281, -6.67964506149292, -12.263616561889648, -3.8933353424072266, 14.799367904663086, -14.062606811523438, 5.745891571044922, -24.931438446044922, -13.968416213989258, -7.860953330993652, -9.763263702392578, 4.868309497833252]
[PYTHON] input_layernorm layer: [0.08574482053518295, 0.10271243005990982, 0.16565582156181335, 0.16116689145565033, 0.08254080265760422, 0.1140170693397522, 0.31697195768356323, 0.013913974165916443, 0.4287985861301422, -0.08000334352254868, -0.15284840762615204, -0.048998262733221054, 0.18445292115211487, -0.18296504020690918, 0.07231298089027405, -0.3380186855792999, -0.19362905621528625, -0.08889486640691757, -0.11693640798330307, 0.06067650765180588]
[PYTHON] attention output : [0.008043519221246243, -0.008643797598779202, -0.031798914074897766, -0.05932131037116051, 0.04391099512577057, -0.002992514055222273, -0.0038418350741267204, 0.019637184217572212, 0.08324724435806274, 0.0598660372197628, -0.02195163443684578, 0.0005507059977389872, -0.030151596292853355, -0.005063584540039301, -0.009934593923389912, 0.029604535549879074, -0.025867624208331108, 0.03918091207742691, -0.03627773001790047, 0.05368261784315109]
[PYTHON] attention + residual output : [7.509775161743164, 8.192364692687988, 12.35318660736084, 12.999117851257324, 7.189311504364014, 9.420855522155762, 25.805740356445312, 1.2369574308395386, 35.17206954956055, -6.619779109954834, -12.285568237304688, -3.892784595489502, 14.769216537475586, -14.067670822143555, 5.735957145690918, -24.90183448791504, -13.994283676147461, -7.821772575378418, -9.799541473388672, 4.921992301940918]
[PYTHON] post layer norm output : [0.06757045537233353, 0.07470827549695969, 0.10964783281087875, 0.11775201559066772, 0.06424995511770248, 0.0807565301656723, 0.20552080869674683, 0.010979329235851765, 0.3164665400981903, -0.054330721497535706, -0.10979454219341278, -0.0347893163561821, 0.1337863802909851, -0.1274314522743225, 0.051958952099084854, -0.21800276637077332, -0.12421433627605438, -0.06372035294771194, -0.08638571947813034, 0.04338875040411949]
[PYTHON] MoE Input (last 20): [0.06757045537233353, 0.07470827549695969, 0.10964783281087875, 0.11775201559066772, 0.06424995511770248, 0.0807565301656723, 0.20552080869674683, 0.010979329235851765, 0.3164665400981903, -0.054330721497535706, -0.10979454219341278, -0.0347893163561821, 0.1337863802909851, -0.1274314522743225, 0.051958952099084854, -0.21800276637077332, -0.12421433627605438, -0.06372035294771194, -0.08638571947813034, 0.04338875040411949]
[PYTHON] TopK indices: [33, 49, 21, 11, 31, 14]
[PYTHON] TopK weights: [0.025319954380393028, 0.027979612350463867, 0.29082924127578735, 0.017067603766918182, 0.018378298729658127, 0.016609080135822296]
[PYTHON] Routed Expert Output (last 20): [-0.026619412004947662, -0.06100129336118698, 0.029386425390839577, 0.06670014560222626, 0.025794394314289093, -0.05118127167224884, 0.0008117468096315861, -0.03857101500034332, -0.0008714640280231833, 0.07829788327217102, -0.004524678457528353, 0.031823232769966125, -0.029128221794962883, -0.018129196017980576, -0.04032653197646141, 0.017194068059325218, -0.07614762336015701, -0.025572216138243675, 0.03347174450755119, 0.002837046515196562]
[PYTHON] Shared Expert Output (last 20): [-1.4898934364318848, 0.4980887472629547, 0.8992969393730164, 0.938939094543457, 0.5507983565330505, -0.27360764145851135, 0.6154454946517944, -0.12847410142421722, 1.5126845836639404, 0.05526730418205261, 0.7971951961517334, -0.4721948206424713, -1.0910929441452026, -1.004362940788269, 0.5631641745567322, -0.6053959131240845, -0.6133957505226135, 0.0046450113877654076, 0.8035388588905334, -0.047440964728593826]
[PYTHON] Final MoE Output (last 20): [-1.5165128707885742, 0.43708744645118713, 0.928683340549469, 1.0056391954421997, 0.576592743396759, -0.3247889280319214, 0.6162572503089905, -0.16704511642456055, 1.5118131637573242, 0.13356518745422363, 0.792670488357544, -0.440371572971344, -1.1202211380004883, -1.0224921703338623, 0.5228376388549805, -0.5882018208503723, -0.6895433664321899, -0.020927205681800842, 0.8370106220245361, -0.04460391774773598]
[PYTHON] MLP output : [-1.5165128707885742, 0.43708744645118713, 0.928683340549469, 1.0056391954421997, 0.576592743396759, -0.3247889280319214, 0.6162572503089905, -0.16704511642456055, 1.5118131637573242, 0.13356518745422363, 0.792670488357544, -0.440371572971344, -1.1202211380004883, -1.0224921703338623, 0.5228376388549805, -0.5882018208503723, -0.6895433664321899, -0.020927205681800842, 0.8370106220245361, -0.04460391774773598]
[PYTHON] MLP + residual output : [5.99326229095459, 8.629451751708984, 13.281869888305664, 14.004756927490234, 7.765904426574707, 9.09606647491455, 26.4219970703125, 1.069912314414978, 36.68388366699219, -6.486213684082031, -11.492897987365723, -4.333156108856201, 13.648995399475098, -15.090163230895996, 6.258794784545898, -25.490036010742188, -14.68382740020752, -7.842700004577637, -8.962531089782715, 4.8773884773254395]
[PYTHON] input hidden state of decoder layer: [5.99326229095459, 8.629451751708984, 13.281869888305664, 14.004756927490234, 7.765904426574707, 9.09606647491455, 26.4219970703125, 1.069912314414978, 36.68388366699219, -6.486213684082031, -11.492897987365723, -4.333156108856201, 13.648995399475098, -15.090163230895996, 6.258794784545898, -25.490036010742188, -14.68382740020752, -7.842700004577637, -8.962531089782715, 4.8773884773254395]
[PYTHON] input_layernorm layer: [0.07016776502132416, 0.10000074654817581, 0.165021613240242, 0.16563765704631805, 0.09092146158218384, 0.10703803598880768, 0.3061862289905548, 0.011695466935634613, 0.42948663234710693, -0.06935257464647293, -0.13318324089050293, -0.05047278106212616, 0.15979936718940735, -0.20100973546504974, 0.07477200031280518, -0.3258385956287384, -0.19647422432899475, -0.08245112001895905, -0.0995776578783989, 0.054481275379657745]
[PYTHON] attention output : [-0.0033579368609935045, -0.029277313500642776, -0.018543260172009468, -0.05582728609442711, 0.047312457114458084, 0.020580779761075974, -0.00639103539288044, -0.002657138044014573, 0.044092919677495956, 0.04359269142150879, -0.06478773802518845, -0.036138489842414856, 0.003673227969557047, 0.024780213832855225, 0.005789544433355331, 0.04293404147028923, -0.08232264220714569, 0.010424266569316387, -0.050102561712265015, 0.038939934223890305]
[PYTHON] attention + residual output : [5.989904403686523, 8.600174903869629, 13.263326644897461, 13.948929786682129, 7.813216686248779, 9.116647720336914, 26.415605545043945, 1.0672551393508911, 36.72797775268555, -6.442621231079102, -11.557685852050781, -4.3692946434021, 13.652668952941895, -15.065382957458496, 6.264584541320801, -25.447101593017578, -14.76615047454834, -7.832275867462158, -9.012633323669434, 4.916328430175781]
[PYTHON] post layer norm output : [0.05724760890007019, 0.08527717739343643, 0.1283467710018158, 0.13748086988925934, 0.0751403421163559, 0.08386357128620148, 0.21459367871284485, 0.010200129821896553, 0.3532159626483917, -0.057341139763593674, -0.11322236061096191, -0.04201986640691757, 0.1353764533996582, -0.15118436515331268, 0.0609954334795475, -0.2386467009782791, -0.14024321734905243, -0.0673702135682106, -0.08613687753677368, 0.04522504657506943]
[PYTHON] MoE Input (last 20): [0.05724760890007019, 0.08527717739343643, 0.1283467710018158, 0.13748086988925934, 0.0751403421163559, 0.08386357128620148, 0.21459367871284485, 0.010200129821896553, 0.3532159626483917, -0.057341139763593674, -0.11322236061096191, -0.04201986640691757, 0.1353764533996582, -0.15118436515331268, 0.0609954334795475, -0.2386467009782791, -0.14024321734905243, -0.0673702135682106, -0.08613687753677368, 0.04522504657506943]
[PYTHON] TopK indices: [20, 47, 52, 19, 49, 54]
[PYTHON] TopK weights: [0.012483982369303703, 0.01552452053874731, 0.6662506461143494, 0.013054861687123775, 0.011988794431090355, 0.01190868578851223]
[PYTHON] Routed Expert Output (last 20): [0.026217114180326462, 0.013153774663805962, 0.02512945607304573, 0.005273821763694286, -0.01208352018147707, -0.14815904200077057, 0.0159953311085701, -0.20377694070339203, 0.13981428742408752, -0.04663912579417229, -0.003451036522164941, -0.020504310727119446, -0.04531301185488701, -0.024983758106827736, -0.061148613691329956, -0.17307429015636444, 0.0059495000168681145, -0.07205941528081894, 0.049076806753873825, -0.03328455239534378]
[PYTHON] Shared Expert Output (last 20): [-0.060071319341659546, -0.3681625723838806, 0.2231493890285492, 0.16321007907390594, 0.1001288965344429, 0.030918912962079048, 0.2075757533311844, 0.2915276885032654, 0.08210211247205734, 0.38653212785720825, 0.1630517542362213, -0.30730876326560974, -0.25824177265167236, -0.3966635465621948, -0.09044279903173447, -0.15273438394069672, -0.023071961477398872, -0.023242376744747162, 0.002372598508372903, -0.13405179977416992]
[PYTHON] Final MoE Output (last 20): [-0.033854205161333084, -0.3550088107585907, 0.24827884137630463, 0.1684838980436325, 0.08804537355899811, -0.11724013090133667, 0.22357109189033508, 0.08775074779987335, 0.22191640734672546, 0.33989301323890686, 0.15960071980953217, -0.3278130888938904, -0.3035547733306885, -0.421647310256958, -0.15159142017364502, -0.32580867409706116, -0.017122462391853333, -0.0953017920255661, 0.051449406892061234, -0.1673363447189331]
[PYTHON] MLP output : [-0.033854205161333084, -0.3550088107585907, 0.24827884137630463, 0.1684838980436325, 0.08804537355899811, -0.11724013090133667, 0.22357109189033508, 0.08775074779987335, 0.22191640734672546, 0.33989301323890686, 0.15960071980953217, -0.3278130888938904, -0.3035547733306885, -0.421647310256958, -0.15159142017364502, -0.32580867409706116, -0.017122462391853333, -0.0953017920255661, 0.051449406892061234, -0.1673363447189331]
[PYTHON] MLP + residual output : [5.956050395965576, 8.245165824890137, 13.511605262756348, 14.117413520812988, 7.901262283325195, 8.999407768249512, 26.639177322387695, 1.155005931854248, 36.949893951416016, -6.102728366851807, -11.398085594177246, -4.697107791900635, 13.349114418029785, -15.487030029296875, 6.112993240356445, -25.772911071777344, -14.783272743225098, -7.927577495574951, -8.961183547973633, 4.748991966247559]
[PYTHON] input hidden state of decoder layer: [5.956050395965576, 8.245165824890137, 13.511605262756348, 14.117413520812988, 7.901262283325195, 8.999407768249512, 26.639177322387695, 1.155005931854248, 36.949893951416016, -6.102728366851807, -11.398085594177246, -4.697107791900635, 13.349114418029785, -15.487030029296875, 6.112993240356445, -25.772911071777344, -14.783272743225098, -7.927577495574951, -8.961183547973633, 4.748991966247559]
[PYTHON] input_layernorm layer: [0.06771129369735718, 0.09962420165538788, 0.16969099640846252, 0.17477844655513763, 0.09311744570732117, 0.10552358627319336, 0.3155319094657898, 0.013061925768852234, 0.41126734018325806, -0.06429344415664673, -0.13636326789855957, -0.05591520294547081, 0.15732112526893616, -0.2064836025238037, 0.07786406576633453, -0.33441779017448425, -0.1900613158941269, -0.09578685462474823, -0.11040915548801422, 0.05709817633032799]
[PYTHON] attention output : [0.017828699201345444, 0.004251236096024513, -0.028624292463064194, -0.056319814175367355, -0.005811971612274647, 0.012620463967323303, 0.008600289933383465, -0.004567319061607122, 0.02189459092915058, 0.060552533715963364, -0.03228006511926651, -0.030112801119685173, 0.013714943081140518, -0.023654606193304062, -0.023847660049796104, 0.04517631232738495, -0.04795970767736435, 0.04223186522722244, -0.050806496292352676, 0.04259137809276581]
[PYTHON] attention + residual output : [5.973878860473633, 8.249417304992676, 13.482980728149414, 14.0610933303833, 7.895450115203857, 9.012028694152832, 26.647777557373047, 1.150438666343689, 36.9717903137207, -6.042175769805908, -11.430365562438965, -4.72722053527832, 13.362829208374023, -15.510684967041016, 6.089145660400391, -25.72773551940918, -14.831232070922852, -7.885345458984375, -9.01198959350586, 4.79158353805542]
[PYTHON] post layer norm output : [0.060093048959970474, 0.08396542817354202, 0.13482683897018433, 0.1447925865650177, 0.0780128464102745, 0.08475411683320999, 0.2284044772386551, 0.011367179453372955, 0.3609071373939514, -0.05538538843393326, -0.11702259629964828, -0.046427030116319656, 0.1368069052696228, -0.15787312388420105, 0.0616149939596653, -0.24655203521251678, -0.1456606686115265, -0.06993395835161209, -0.08743582665920258, 0.0453479140996933]
[PYTHON] MoE Input (last 20): [0.060093048959970474, 0.08396542817354202, 0.13482683897018433, 0.1447925865650177, 0.0780128464102745, 0.08475411683320999, 0.2284044772386551, 0.011367179453372955, 0.3609071373939514, -0.05538538843393326, -0.11702259629964828, -0.046427030116319656, 0.1368069052696228, -0.15787312388420105, 0.0616149939596653, -0.24655203521251678, -0.1456606686115265, -0.06993395835161209, -0.08743582665920258, 0.0453479140996933]
[PYTHON] TopK indices: [47, 13, 42, 21, 22, 32]
[PYTHON] TopK weights: [0.019149819388985634, 0.023113133385777473, 0.02078654058277607, 0.028108585625886917, 0.5450453758239746, 0.017063625156879425]
[PYTHON] Routed Expert Output (last 20): [0.07295382022857666, -0.03946138918399811, 0.06716926395893097, 0.014449423179030418, 0.0001374578569084406, 0.00019445549696683884, 0.034368082880973816, -0.02707843668758869, -0.017839744687080383, 0.06284826993942261, 0.002600665669888258, -0.046568240970373154, -0.008619356900453568, 0.08390282839536667, -0.02510552480816841, 0.023139193654060364, -0.05153399705886841, 0.0026669020298868418, 0.019147424027323723, -0.002126714214682579]
[PYTHON] Shared Expert Output (last 20): [-0.4866834580898285, -0.5947694182395935, -0.3251069188117981, 0.9555479884147644, 0.6305615901947021, -0.34508016705513, 1.484913945198059, -1.3250364065170288, 2.34287166595459, 0.2421061247587204, 0.7660998106002808, 0.4918253421783447, -0.44532260298728943, 0.8085383176803589, 0.2894245386123657, -2.29213547706604, -0.47445136308670044, -0.21584849059581757, 0.5255880951881409, -0.3391325771808624]
[PYTHON] Final MoE Output (last 20): [-0.41372963786125183, -0.6342307925224304, -0.2579376697540283, 0.9699974060058594, 0.6306990385055542, -0.3448857069015503, 1.5192819833755493, -1.3521147966384888, 2.3250319957733154, 0.3049544095993042, 0.7687004804611206, 0.4452570974826813, -0.4539419710636139, 0.8924411535263062, 0.2643190026283264, -2.268996238708496, -0.5259853601455688, -0.21318158507347107, 0.5447354912757874, -0.34125930070877075]
[PYTHON] MLP output : [-0.41372963786125183, -0.6342307925224304, -0.2579376697540283, 0.9699974060058594, 0.6306990385055542, -0.3448857069015503, 1.5192819833755493, -1.3521147966384888, 2.3250319957733154, 0.3049544095993042, 0.7687004804611206, 0.4452570974826813, -0.4539419710636139, 0.8924411535263062, 0.2643190026283264, -2.268996238708496, -0.5259853601455688, -0.21318158507347107, 0.5447354912757874, -0.34125930070877075]
[PYTHON] MLP + residual output : [5.560149192810059, 7.61518669128418, 13.225043296813965, 15.03109073638916, 8.526148796081543, 8.667142868041992, 28.16705894470215, -0.2016761302947998, 39.29682159423828, -5.7372212409973145, -10.661664962768555, -4.281963348388672, 12.908886909484863, -14.618244171142578, 6.353464603424072, -27.99673080444336, -15.357217788696289, -8.098526954650879, -8.467253684997559, 4.450324058532715]
[PYTHON] input hidden state of decoder layer: [5.560149192810059, 7.61518669128418, 13.225043296813965, 15.03109073638916, 8.526148796081543, 8.667142868041992, 28.16705894470215, -0.2016761302947998, 39.29682159423828, -5.7372212409973145, -10.661664962768555, -4.281963348388672, 12.908886909484863, -14.618244171142578, 6.353464603424072, -27.99673080444336, -15.357217788696289, -8.098526954650879, -8.467253684997559, 4.450324058532715]
[PYTHON] input_layernorm layer: [0.08102669566869736, 0.1114199310541153, 0.20123928785324097, 0.225202277302742, 0.1192595437169075, 0.12579691410064697, 0.4071747064590454, -0.002667505294084549, 0.563463568687439, -0.07084780186414719, -0.155369833111763, -0.06064578890800476, 0.18207409977912903, -0.24297180771827698, 0.09742137044668198, -0.42601314187049866, -0.2354811578989029, -0.1004810631275177, -0.11397583037614822, 0.0619884729385376]
[PYTHON] attention output : [0.05208075791597366, -0.010716463439166546, -0.008286106400191784, -0.026946671307086945, 0.019327284768223763, 0.0002839423541445285, 0.043481696397066116, -0.0106712831184268, 0.024505367502570152, 0.030896827578544617, -0.04742588847875595, -0.030259888619184494, -0.009232347831130028, -0.008012531325221062, 0.014552188105881214, 0.06937914341688156, 0.0033736296463757753, 0.017741885036230087, -0.044998396188020706, 0.03601844608783722]
[PYTHON] attention + residual output : [5.612229824066162, 7.604470252990723, 13.216756820678711, 15.004143714904785, 8.545475959777832, 8.667427062988281, 28.210540771484375, -0.21234741806983948, 39.321327209472656, -5.706324577331543, -10.709091186523438, -4.312223434448242, 12.899654388427734, -14.626256942749023, 6.368016719818115, -27.927350997924805, -15.353843688964844, -8.080784797668457, -8.512251853942871, 4.486342430114746]
[PYTHON] post layer norm output : [0.060437384992837906, 0.0832267552614212, 0.13923543691635132, 0.16772468388080597, 0.08902432024478912, 0.08877295255661011, 0.2526127099990845, -0.0022121744696050882, 0.4050356447696686, -0.05543920025229454, -0.11720513552427292, -0.04416636750102043, 0.1411796361207962, -0.15836431086063385, 0.06932175159454346, -0.28113219141960144, -0.15905334055423737, -0.07708920538425446, -0.08768181502819061, 0.045424576848745346]
[PYTHON] MoE Input (last 20): [0.060437384992837906, 0.0832267552614212, 0.13923543691635132, 0.16772468388080597, 0.08902432024478912, 0.08877295255661011, 0.2526127099990845, -0.0022121744696050882, 0.4050356447696686, -0.05543920025229454, -0.11720513552427292, -0.04416636750102043, 0.1411796361207962, -0.15836431086063385, 0.06932175159454346, -0.28113219141960144, -0.15905334055423737, -0.07708920538425446, -0.08768181502819061, 0.045424576848745346]
[PYTHON] TopK indices: [58, 44, 43, 28, 62, 18]
[PYTHON] TopK weights: [0.016024844720959663, 0.5499203205108643, 0.017588943243026733, 0.018944261595606804, 0.014757334254682064, 0.013947135768830776]
[PYTHON] Routed Expert Output (last 20): [-0.02831677347421646, -0.029593924060463905, 0.01598680019378662, -0.005831229500472546, -0.03594338148832321, -0.009913195855915546, -0.0015932938549667597, -0.016873372718691826, 0.002720162970945239, 0.03304352983832359, 0.05731832608580589, -0.019522950053215027, -0.0031722774729132652, 0.02811155468225479, -0.023041293025016785, -0.0072542461566627026, 0.023685511201620102, -0.028804970905184746, -0.011463124305009842, -0.003127394476905465]
[PYTHON] Shared Expert Output (last 20): [-0.33537694811820984, -0.3435947895050049, -0.3377758264541626, -0.5862003564834595, -0.18346059322357178, -0.5229665040969849, 0.3395313620567322, 0.8727282285690308, 0.4291560649871826, -0.12935926020145416, 0.25222048163414, 0.03323744982481003, -0.09046054631471634, -0.5486191511154175, -0.3157470226287842, -0.46090954542160034, 0.03632766380906105, 0.14062243700027466, -0.08286787569522858, -0.2520591616630554]
[PYTHON] Final MoE Output (last 20): [-0.3636937141418457, -0.37318870425224304, -0.321789026260376, -0.5920315980911255, -0.21940398216247559, -0.5328797101974487, 0.3379380702972412, 0.855854868888855, 0.4318762421607971, -0.09631572663784027, 0.3095388114452362, 0.013714499771595001, -0.09363282471895218, -0.5205075740814209, -0.33878833055496216, -0.46816378831863403, 0.06001317501068115, 0.11181746423244476, -0.09433099627494812, -0.2551865577697754]
[PYTHON] MLP output : [-0.3636937141418457, -0.37318870425224304, -0.321789026260376, -0.5920315980911255, -0.21940398216247559, -0.5328797101974487, 0.3379380702972412, 0.855854868888855, 0.4318762421607971, -0.09631572663784027, 0.3095388114452362, 0.013714499771595001, -0.09363282471895218, -0.5205075740814209, -0.33878833055496216, -0.46816378831863403, 0.06001317501068115, 0.11181746423244476, -0.09433099627494812, -0.2551865577697754]
[PYTHON] MLP + residual output : [5.248536109924316, 7.231281757354736, 12.894968032836914, 14.41211223602295, 8.326071739196777, 8.134547233581543, 28.548479080200195, 0.6435074806213379, 39.753204345703125, -5.802640438079834, -10.399552345275879, -4.298509120941162, 12.806021690368652, -15.146764755249023, 6.029228210449219, -28.39551544189453, -15.293830871582031, -7.968967437744141, -8.606582641601562, 4.231155872344971]
[PYTHON] input hidden state of decoder layer: [5.248536109924316, 7.231281757354736, 12.894968032836914, 14.41211223602295, 8.326071739196777, 8.134547233581543, 28.548479080200195, 0.6435074806213379, 39.753204345703125, -5.802640438079834, -10.399552345275879, -4.298509120941162, 12.806021690368652, -15.146764755249023, 6.029228210449219, -28.39551544189453, -15.293830871582031, -7.968967437744141, -8.606582641601562, 4.231155872344971]
[PYTHON] input_layernorm layer: [0.06313372403383255, 0.09036184102296829, 0.15661726891994476, 0.18514259159564972, 0.09334635734558105, 0.09642406553030014, 0.2983953356742859, 0.007364880293607712, 0.4758630692958832, -0.05929522216320038, -0.13359597325325012, -0.049447014927864075, 0.15254585444927216, -0.19458016753196716, 0.07815751433372498, -0.35814550518989563, -0.1937902867794037, -0.08050153404474258, -0.09548614174127579, 0.05089583620429039]
[PYTHON] attention output : [-0.006229203660041094, -0.03035649284720421, -0.020324181765317917, -0.08504147827625275, -0.01231762021780014, -0.03704799711704254, 0.059773508459329605, 0.0425027571618557, 0.035820260643959045, 0.08340129256248474, -0.043825697153806686, 0.03795384615659714, 0.007754807360470295, 0.002821759320795536, 0.0007619741372764111, 0.014709251001477242, -0.0711275115609169, -0.01004142314195633, -0.03909968212246895, 0.09616059809923172]
[PYTHON] attention + residual output : [5.242306709289551, 7.200925350189209, 12.87464427947998, 14.327071189880371, 8.313754081726074, 8.097498893737793, 28.608253479003906, 0.6860102415084839, 39.789024353027344, -5.719239234924316, -10.443378448486328, -4.260555267333984, 12.813776969909668, -15.143942832946777, 6.029990196228027, -28.38080596923828, -15.364958763122559, -7.979008674621582, -8.645682334899902, 4.3273162841796875]
[PYTHON] post layer norm output : [0.06397813558578491, 0.09040441364049911, 0.15336571633815765, 0.1832164227962494, 0.09515160322189331, 0.0907851904630661, 0.2839900851249695, 0.007971619255840778, 0.46468234062194824, -0.06144958734512329, -0.12867268919944763, -0.04851362109184265, 0.15713007748126984, -0.1892411708831787, 0.07464751601219177, -0.31819167733192444, -0.17854486405849457, -0.08293384313583374, -0.09945540130138397, 0.04977918416261673]
[PYTHON] MoE Input (last 20): [0.06397813558578491, 0.09040441364049911, 0.15336571633815765, 0.1832164227962494, 0.09515160322189331, 0.0907851904630661, 0.2839900851249695, 0.007971619255840778, 0.46468234062194824, -0.06144958734512329, -0.12867268919944763, -0.04851362109184265, 0.15713007748126984, -0.1892411708831787, 0.07464751601219177, -0.31819167733192444, -0.17854486405849457, -0.08293384313583374, -0.09945540130138397, 0.04977918416261673]
[PYTHON] TopK indices: [30, 54, 2, 11, 39, 47]
[PYTHON] TopK weights: [0.01613473892211914, 0.598315417766571, 0.012223654426634312, 0.014650331810116768, 0.012931376695632935, 0.011571451090276241]
[PYTHON] Routed Expert Output (last 20): [-0.006518305279314518, -0.03878144174814224, 0.03800586983561516, 0.023808114230632782, 0.008626407012343407, 0.031301822513341904, 0.021075066179037094, -0.03614186495542526, 0.041719742119312286, 0.05010439455509186, 0.009668493643403053, -0.048997968435287476, 0.00886722281575203, 0.07755175232887268, -0.08997224271297455, -0.07523807138204575, 0.010259185917675495, -0.0024637796450406313, -0.0023712432011961937, -0.029979269951581955]
[PYTHON] Shared Expert Output (last 20): [-0.1479548215866089, -0.5486956238746643, 0.35025808215141296, -0.32784706354141235, 0.27085575461387634, -0.12653784453868866, -0.22859548032283783, -0.15009751915931702, 0.3155965209007263, -0.16596326231956482, 0.11013932526111603, -0.048485804349184036, 0.1815786361694336, -0.08432181924581528, -0.4349098801612854, -0.23426897823810577, 0.3417348265647888, 0.10917957127094269, 0.1617814600467682, -0.1874653548002243]
[PYTHON] Final MoE Output (last 20): [-0.15447312593460083, -0.5874770879745483, 0.3882639408111572, -0.304038941860199, 0.2794821560382843, -0.09523601830005646, -0.20752041041851044, -0.18623939156532288, 0.357316255569458, -0.11585886776447296, 0.11980781704187393, -0.09748376905918121, 0.19044585525989532, -0.0067700669169425964, -0.5248821377754211, -0.3095070421695709, 0.35199400782585144, 0.10671579092741013, 0.15941022336483002, -0.21744462847709656]
[PYTHON] MLP output : [-0.15447312593460083, -0.5874770879745483, 0.3882639408111572, -0.304038941860199, 0.2794821560382843, -0.09523601830005646, -0.20752041041851044, -0.18623939156532288, 0.357316255569458, -0.11585886776447296, 0.11980781704187393, -0.09748376905918121, 0.19044585525989532, -0.0067700669169425964, -0.5248821377754211, -0.3095070421695709, 0.35199400782585144, 0.10671579092741013, 0.15941022336483002, -0.21744462847709656]
[PYTHON] MLP + residual output : [5.087833404541016, 6.613448143005371, 13.262907981872559, 14.023032188415527, 8.593235969543457, 8.002263069152832, 28.400733947753906, 0.499770849943161, 40.146339416503906, -5.8350982666015625, -10.323570251464844, -4.358038902282715, 13.004222869873047, -15.150712966918945, 5.505107879638672, -28.6903133392334, -15.012965202331543, -7.872292995452881, -8.486271858215332, 4.109871864318848]
[PYTHON] input hidden state of decoder layer: [5.087833404541016, 6.613448143005371, 13.262907981872559, 14.023032188415527, 8.593235969543457, 8.002263069152832, 28.400733947753906, 0.499770849943161, 40.146339416503906, -5.8350982666015625, -10.323570251464844, -4.358038902282715, 13.004222869873047, -15.150712966918945, 5.505107879638672, -28.6903133392334, -15.012965202331543, -7.872292995452881, -8.486271858215332, 4.109871864318848]
[PYTHON] input_layernorm layer: [0.05904260277748108, 0.069419264793396, 0.13921652734279633, 0.15864384174346924, 0.08819600939750671, 0.07979734987020493, 0.2517402768135071, 0.004459045361727476, 0.4120388627052307, -0.04899933561682701, -0.1107713058590889, -0.04142459109425545, 0.13498452305793762, -0.1784694939851761, 0.06163772940635681, -0.31286460161209106, -0.15933728218078613, -0.06564728915691376, -0.07720067352056503, 0.040743350982666016]
[PYTHON] attention output : [0.031295597553253174, -0.07008907943964005, 0.03798237815499306, -0.05155393108725548, -0.0032608904875814915, -0.03022422268986702, 0.0004990247543901205, 0.036504894495010376, 0.08687227964401245, 0.009275870397686958, -0.04029025137424469, -0.02816525101661682, -0.03356281667947769, -0.06228804215788841, 0.0024082071613520384, -0.020221607759594917, -0.08589579164981842, 0.00012115854769945145, -0.03330592066049576, 0.13308674097061157]
[PYTHON] attention + residual output : [5.119129180908203, 6.543359279632568, 13.30088996887207, 13.971478462219238, 8.589975357055664, 7.972038745880127, 28.401233673095703, 0.5362757444381714, 40.233211517333984, -5.825822353363037, -10.363860130310059, -4.386204242706299, 12.970660209655762, -15.213001251220703, 5.507515907287598, -28.710535049438477, -15.098860740661621, -7.872171878814697, -8.519577980041504, 4.2429585456848145]
[PYTHON] post layer norm output : [0.0617927610874176, 0.08012927323579788, 0.15590064227581024, 0.17598159611225128, 0.09667637944221497, 0.08739738166332245, 0.27658259868621826, 0.006066818721592426, 0.4621916115283966, -0.061830077320337296, -0.12510164082050323, -0.04962056875228882, 0.1550554782152176, -0.18629677593708038, 0.06840793788433075, -0.31475329399108887, -0.17169195413589478, -0.08125292509794235, -0.0953872799873352, 0.04824747145175934]
[PYTHON] MoE Input (last 20): [0.0617927610874176, 0.08012927323579788, 0.15590064227581024, 0.17598159611225128, 0.09667637944221497, 0.08739738166332245, 0.27658259868621826, 0.006066818721592426, 0.4621916115283966, -0.061830077320337296, -0.12510164082050323, -0.04962056875228882, 0.1550554782152176, -0.18629677593708038, 0.06840793788433075, -0.31475329399108887, -0.17169195413589478, -0.08125292509794235, -0.0953872799873352, 0.04824747145175934]
[PYTHON] TopK indices: [12, 22, 31, 27, 13, 44]
[PYTHON] TopK weights: [0.01620435155928135, 0.5253762602806091, 0.01277565024793148, 0.012991751544177532, 0.013902795501053333, 0.012467731721699238]
[PYTHON] Routed Expert Output (last 20): [0.008653094992041588, -0.031096914783120155, 0.017720084637403488, 0.0307154580950737, 0.03367538005113602, -0.041042111814022064, 0.03891546279191971, -0.016830159351229668, 0.0011106492020189762, 0.03628753498196602, 0.019610069692134857, -0.022749261930584908, -0.008780524134635925, -0.011980325914919376, -0.07884270697832108, 0.029239343479275703, -0.038814935833215714, -0.005964198149740696, 0.02643154375255108, -0.01019213255494833]
[PYTHON] Shared Expert Output (last 20): [-0.07945702970027924, -0.1190749779343605, 0.17921707034111023, -0.023886200040578842, 0.10253815352916718, 0.1311555802822113, 0.034666988998651505, 0.019659586250782013, -0.16062434017658234, 0.13399803638458252, 0.11643971502780914, 0.054160624742507935, -0.009035132825374603, -0.03894505649805069, -0.10886155813932419, 0.0847957655787468, -0.05898834019899368, 0.0255131758749485, -0.009162042289972305, 0.024220392107963562]
[PYTHON] Final MoE Output (last 20): [-0.0708039328455925, -0.1501718908548355, 0.19693715870380402, 0.006829258054494858, 0.1362135410308838, 0.09011346846818924, 0.07358245551586151, 0.0028294268995523453, -0.1595136970281601, 0.17028556764125824, 0.1360497772693634, 0.031411364674568176, -0.01781565696001053, -0.05092538148164749, -0.18770426511764526, 0.11403510719537735, -0.0978032797574997, 0.01954897865653038, 0.017269501462578773, 0.014028259553015232]
[PYTHON] MLP output : [-0.0708039328455925, -0.1501718908548355, 0.19693715870380402, 0.006829258054494858, 0.1362135410308838, 0.09011346846818924, 0.07358245551586151, 0.0028294268995523453, -0.1595136970281601, 0.17028556764125824, 0.1360497772693634, 0.031411364674568176, -0.01781565696001053, -0.05092538148164749, -0.18770426511764526, 0.11403510719537735, -0.0978032797574997, 0.01954897865653038, 0.017269501462578773, 0.014028259553015232]
[PYTHON] MLP + residual output : [5.048325061798096, 6.393187522888184, 13.497827529907227, 13.978307723999023, 8.726188659667969, 8.062151908874512, 28.474815368652344, 0.5391051769256592, 40.07369613647461, -5.655536651611328, -10.22780990600586, -4.354793071746826, 12.952844619750977, -15.26392650604248, 5.319811820983887, -28.596500396728516, -15.196663856506348, -7.852622985839844, -8.50230884552002, 4.256986618041992]
[PYTHON] input hidden state of decoder layer: [5.048325061798096, 6.393187522888184, 13.497827529907227, 13.978307723999023, 8.726188659667969, 8.062151908874512, 28.474815368652344, 0.5391051769256592, 40.07369613647461, -5.655536651611328, -10.22780990600586, -4.354793071746826, 12.952844619750977, -15.26392650604248, 5.319811820983887, -28.596500396728516, -15.196663856506348, -7.852622985839844, -8.50230884552002, 4.256986618041992]
[PYTHON] input_layernorm layer: [0.07715685665607452, 0.09137123078107834, 0.19999700784683228, 0.22342464327812195, 0.12013305723667145, 0.11099129170179367, 0.37041768431663513, 0.007327492348849773, 0.5703942775726318, -0.0682920441031456, -0.15751159191131592, -0.060206279158592224, 0.19116641581058502, -0.25822019577026367, 0.0831681415438652, -0.4403953552246094, -0.23580652475357056, -0.09528049826622009, -0.112587109208107, 0.06059238687157631]
[PYTHON] attention output : [0.053542766720056534, -0.009499501436948776, 0.11733298748731613, -0.022276004776358604, -0.0856570452451706, -0.03780191019177437, 0.08933522552251816, -0.03822031989693642, -0.03952345624566078, 0.061283379793167114, -0.037686608731746674, -0.09551709145307541, -0.017104513943195343, -0.018662726506590843, 0.05946514382958412, 0.03248191624879837, -0.04275330528616905, 0.05929035693407059, 0.005207310430705547, 0.17012090981006622]
[PYTHON] attention + residual output : [5.10186767578125, 6.383687973022461, 13.615160942077637, 13.956031799316406, 8.640531539916992, 8.0243501663208, 28.564149856567383, 0.5008848309516907, 40.03417205810547, -5.594253063201904, -10.265496253967285, -4.450310230255127, 12.93574047088623, -15.282588958740234, 5.379276752471924, -28.56401824951172, -15.23941707611084, -7.793332576751709, -8.497101783752441, 4.427107334136963]
[PYTHON] post layer norm output : [0.06487703323364258, 0.08192182332277298, 0.16678130626678467, 0.18235398828983307, 0.10281959921121597, 0.09174264222383499, 0.29824942350387573, 0.005960371810942888, 0.48339980840682983, -0.06330662220716476, -0.12754540145397186, -0.05165931582450867, 0.16374057531356812, -0.19077259302139282, 0.0684046596288681, -0.3282395005226135, -0.1795663684606552, -0.08637382090091705, -0.10012153536081314, 0.05268118157982826]
[PYTHON] MoE Input (last 20): [0.06487703323364258, 0.08192182332277298, 0.16678130626678467, 0.18235398828983307, 0.10281959921121597, 0.09174264222383499, 0.29824942350387573, 0.005960371810942888, 0.48339980840682983, -0.06330662220716476, -0.12754540145397186, -0.05165931582450867, 0.16374057531356812, -0.19077259302139282, 0.0684046596288681, -0.3282395005226135, -0.1795663684606552, -0.08637382090091705, -0.10012153536081314, 0.05268118157982826]
[PYTHON] TopK indices: [9, 47, 42, 13, 2, 31]
[PYTHON] TopK weights: [0.01629461720585823, 0.01630607806146145, 0.017819322645664215, 0.4685572683811188, 0.014076927676796913, 0.013786972500383854]
[PYTHON] Routed Expert Output (last 20): [0.009981554001569748, 0.051678188145160675, 0.00036299368366599083, 0.0075911907479166985, 0.027709539979696274, -0.04991234093904495, 0.02453640103340149, -0.05977332964539528, -0.00944172777235508, 0.019242802634835243, 0.009688341990113258, -0.025370987132191658, 0.023988980799913406, -0.037314482033252716, -0.03332718461751938, 0.006651498377323151, -0.026483070105314255, -0.0025626178830862045, -0.021099518984556198, -0.06852690130472183]
[PYTHON] Shared Expert Output (last 20): [0.02541889064013958, -0.04697592183947563, 0.0014599626883864403, -0.02355574257671833, 0.09169241786003113, -0.08691301196813583, -0.04134053736925125, -0.23058907687664032, 0.02173834666609764, 0.15423698723316193, 0.04583486542105675, 0.085375115275383, 0.09344378858804703, -0.04645795747637749, 0.013136493042111397, 0.05346045270562172, 0.2122776061296463, 0.06399104744195938, 0.06210225448012352, -0.15688540041446686]
[PYTHON] Final MoE Output (last 20): [0.03540044277906418, 0.004702266305685043, 0.001822956372052431, -0.015964552760124207, 0.1194019615650177, -0.1368253529071808, -0.016804136335849762, -0.2903624176979065, 0.012296618893742561, 0.17347979545593262, 0.055523209273815155, 0.06000413000583649, 0.11743277311325073, -0.0837724357843399, -0.020190691575407982, 0.06011195108294487, 0.18579453229904175, 0.06142842769622803, 0.04100273549556732, -0.2254123091697693]
[PYTHON] MLP output : [0.03540044277906418, 0.004702266305685043, 0.001822956372052431, -0.015964552760124207, 0.1194019615650177, -0.1368253529071808, -0.016804136335849762, -0.2903624176979065, 0.012296618893742561, 0.17347979545593262, 0.055523209273815155, 0.06000413000583649, 0.11743277311325073, -0.0837724357843399, -0.020190691575407982, 0.06011195108294487, 0.18579453229904175, 0.06142842769622803, 0.04100273549556732, -0.2254123091697693]
[PYTHON] MLP + residual output : [5.13726806640625, 6.388390064239502, 13.616984367370605, 13.940067291259766, 8.759933471679688, 7.887524604797363, 28.547346115112305, 0.21052241325378418, 40.04646682739258, -5.420773506164551, -10.209973335266113, -4.390305995941162, 13.053173065185547, -15.366361618041992, 5.359086036682129, -28.50390625, -15.053622245788574, -7.731904029846191, -8.456099510192871, 4.201694965362549]
[PYTHON] input hidden state of decoder layer: [5.13726806640625, 6.388390064239502, 13.616984367370605, 13.940067291259766, 8.759933471679688, 7.887524604797363, 28.547346115112305, 0.21052241325378418, 40.04646682739258, -5.420773506164551, -10.209973335266113, -4.390305995941162, 13.053173065185547, -15.366361618041992, 5.359086036682129, -28.50390625, -15.053622245788574, -7.731904029846191, -8.456099510192871, 4.201694965362549]
[PYTHON] input_layernorm layer: [0.056949421763420105, 0.06410964578390121, 0.14380137622356415, 0.152906596660614, 0.08790887892246246, 0.07777337729930878, 0.2481735497713089, 0.001867004786618054, 0.39487022161483765, -0.04807379096746445, -0.11020462960004807, -0.04047206789255142, 0.14013202488422394, -0.16944795846939087, 0.056281641125679016, -0.3126552402973175, -0.16512101888656616, -0.07082549482584, -0.07597912847995758, 0.042165424674749374]
[PYTHON] attention output : [0.015620874240994453, -0.09525643289089203, 0.05368225648999214, -0.15371696650981903, -0.0382232666015625, -0.1692296713590622, 0.11753740906715393, 0.020432479679584503, 0.03668036311864853, 0.12824054062366486, 0.06042638421058655, -0.04128411039710045, 0.02940669283270836, -0.03134020417928696, -0.018711160868406296, -0.1924038827419281, -0.13780008256435394, 0.044949814677238464, -0.0560571625828743, 0.2972653806209564]
[PYTHON] attention + residual output : [5.152888774871826, 6.293133735656738, 13.670666694641113, 13.78635025024414, 8.721710205078125, 7.718295097351074, 28.66488265991211, 0.23095488548278809, 40.08314895629883, -5.292532920837402, -10.14954662322998, -4.4315900802612305, 13.082579612731934, -15.39770221710205, 5.340374946594238, -28.69631004333496, -15.191422462463379, -7.686954021453857, -8.51215648651123, 4.498960494995117]
[PYTHON] post layer norm output : [0.06944558024406433, 0.08407837897539139, 0.17546650767326355, 0.19062486290931702, 0.10787463933229446, 0.09276207536458969, 0.31775006651878357, 0.00289699318818748, 0.5121389627456665, -0.06391691416501999, -0.12967988848686218, -0.05481220781803131, 0.1732611209154129, -0.20302344858646393, 0.07103762775659561, -0.34823405742645264, -0.18789540231227875, -0.0910399854183197, -0.10577939450740814, 0.05643291771411896]
[PYTHON] MoE Input (last 20): [0.06944558024406433, 0.08407837897539139, 0.17546650767326355, 0.19062486290931702, 0.10787463933229446, 0.09276207536458969, 0.31775006651878357, 0.00289699318818748, 0.5121389627456665, -0.06391691416501999, -0.12967988848686218, -0.05481220781803131, 0.1732611209154129, -0.20302344858646393, 0.07103762775659561, -0.34823405742645264, -0.18789540231227875, -0.0910399854183197, -0.10577939450740814, 0.05643291771411896]
[PYTHON] TopK indices: [10, 11, 17, 18, 27, 54]
[PYTHON] TopK weights: [0.014509590342640877, 0.014878992922604084, 0.014803331345319748, 0.5075945854187012, 0.01255273912101984, 0.012535197660326958]
[PYTHON] Routed Expert Output (last 20): [-0.004199885297566652, -0.04870156943798065, 0.07495997846126556, 0.04603007063269615, 0.0581267774105072, 0.028770508244633675, 0.07498682290315628, -0.038576383143663406, 0.05821755900979042, 0.09219545125961304, 0.026341985911130905, -0.04493808001279831, 0.053575512021780014, 0.008312244899570942, -0.07356098294258118, -0.029342014342546463, -0.08341530710458755, -0.04300563782453537, 0.013929571956396103, 0.006485396064817905]
[PYTHON] Shared Expert Output (last 20): [-0.22491779923439026, -0.2020125687122345, 0.2787914574146271, -0.5199109315872192, 0.021385246887803078, -0.7821590304374695, 0.41895464062690735, 0.44595468044281006, 0.41450852155685425, -0.4237348735332489, 0.02973565086722374, -0.29258474707603455, 0.4024323523044586, -0.743729829788208, -0.44085296988487244, -0.49470436573028564, 0.6649066805839539, -0.28022274374961853, 0.19874034821987152, 0.010060298256576061]
[PYTHON] Final MoE Output (last 20): [-0.22911769151687622, -0.25071412324905396, 0.35375142097473145, -0.4738808572292328, 0.07951202243566513, -0.753388524055481, 0.49394145607948303, 0.40737828612327576, 0.47272607684135437, -0.33153942227363586, 0.056077636778354645, -0.33752283453941345, 0.45600786805152893, -0.7354176044464111, -0.5144139528274536, -0.5240463614463806, 0.5814913511276245, -0.3232283890247345, 0.21266992390155792, 0.016545694321393967]
[PYTHON] MLP output : [-0.22911769151687622, -0.25071412324905396, 0.35375142097473145, -0.4738808572292328, 0.07951202243566513, -0.753388524055481, 0.49394145607948303, 0.40737828612327576, 0.47272607684135437, -0.33153942227363586, 0.056077636778354645, -0.33752283453941345, 0.45600786805152893, -0.7354176044464111, -0.5144139528274536, -0.5240463614463806, 0.5814913511276245, -0.3232283890247345, 0.21266992390155792, 0.016545694321393967]
[PYTHON] MLP + residual output : [4.923770904541016, 6.04241943359375, 14.024417877197266, 13.312469482421875, 8.80122184753418, 6.964906692504883, 29.158824920654297, 0.6383332014083862, 40.55587387084961, -5.624072551727295, -10.09346866607666, -4.769113063812256, 13.53858757019043, -16.133119583129883, 4.825961112976074, -29.220355987548828, -14.609930992126465, -8.01018238067627, -8.29948616027832, 4.515506267547607]
[PYTHON] input hidden state of decoder layer: [4.923770904541016, 6.04241943359375, 14.024417877197266, 13.312469482421875, 8.80122184753418, 6.964906692504883, 29.158824920654297, 0.6383332014083862, 40.55587387084961, -5.624072551727295, -10.09346866607666, -4.769113063812256, 13.53858757019043, -16.133119583129883, 4.825961112976074, -29.220355987548828, -14.609930992126465, -8.01018238067627, -8.29948616027832, 4.515506267547607]
[PYTHON] input_layernorm layer: [0.06192883476614952, 0.07212836295366287, 0.169859379529953, 0.17053857445716858, 0.10096027702093124, 0.08030115813016891, 0.3514646887779236, 0.006987898610532284, 0.4675846993923187, -0.06254975497722626, -0.1151961088180542, -0.053596481680870056, 0.166340172290802, -0.21043002605438232, 0.05788850784301758, -0.36071375012397766, -0.1837567239999771, -0.09002041816711426, -0.08988878130912781, 0.05284985899925232]
[PYTHON] attention output : [-0.004015222191810608, 0.10465160757303238, 0.0468948595225811, 0.006677773781120777, 0.021110745146870613, -0.03739411011338234, 0.06827320903539658, -0.06425925344228745, -0.029595406726002693, 0.08566951006650925, -0.018934719264507294, -0.0017242487519979477, 0.05327071622014046, 0.06519818305969238, 0.011799488216638565, 0.01693621650338173, -0.048676498234272, 0.06453751027584076, -0.02621612884104252, 0.14282380044460297]
[PYTHON] attention + residual output : [4.919755458831787, 6.14707088470459, 14.07131290435791, 13.319147109985352, 8.822332382202148, 6.9275126457214355, 29.22709846496582, 0.5740739703178406, 40.52627944946289, -5.538403034210205, -10.11240291595459, -4.770837306976318, 13.59185791015625, -16.067920684814453, 4.8377604484558105, -29.203420639038086, -14.658607482910156, -7.945644855499268, -8.325702667236328, 4.658329963684082]
[PYTHON] post layer norm output : [0.06474334001541138, 0.08089464902877808, 0.17616362869739532, 0.17605382204055786, 0.10839495062828064, 0.08350083976984024, 0.3216552734375, 0.007187030278146267, 0.5215214490890503, -0.0667571946978569, -0.12895601987838745, -0.05778313800692558, 0.17886708676815033, -0.20770923793315887, 0.06394599378108978, -0.35200369358062744, -0.17839479446411133, -0.0939222201704979, -0.10326274484395981, 0.05831924453377724]
[PYTHON] MoE Input (last 20): [0.06474334001541138, 0.08089464902877808, 0.17616362869739532, 0.17605382204055786, 0.10839495062828064, 0.08350083976984024, 0.3216552734375, 0.007187030278146267, 0.5215214490890503, -0.0667571946978569, -0.12895601987838745, -0.05778313800692558, 0.17886708676815033, -0.20770923793315887, 0.06394599378108978, -0.35200369358062744, -0.17839479446411133, -0.0939222201704979, -0.10326274484395981, 0.05831924453377724]
[PYTHON] TopK indices: [59, 30, 50, 4, 37, 3]
[PYTHON] TopK weights: [0.012429242953658104, 0.012788079679012299, 0.01290005911141634, 0.6041940450668335, 0.012119106017053127, 0.012004893273115158]
[PYTHON] Routed Expert Output (last 20): [0.051787346601486206, 0.024768538773059845, 0.02462216280400753, 0.09009916335344315, 0.04968749359250069, -0.029541855677962303, 0.09957617521286011, -0.08491897583007812, -0.037306252866983414, -0.03366714343428612, 0.023136790841817856, 0.013551070354878902, -0.0154068972915411, -0.02153925783932209, -0.05929114297032356, -0.024945523589849472, -0.02193807065486908, 0.005605957005172968, -0.025584448128938675, -0.07611371576786041]
[PYTHON] Shared Expert Output (last 20): [0.11344273388385773, 0.0009366092854179442, 0.3023970425128937, 0.2330494523048401, 0.3563428521156311, 0.4473628103733063, 0.547630786895752, -0.0039041265845298767, 0.41956934332847595, -0.1087009459733963, -0.10000928491353989, -0.06191161274909973, -0.06839443743228912, -0.44740161299705505, -0.24712729454040527, -0.41240689158439636, 0.016511552035808563, -0.019263634458184242, 0.043538909405469894, 0.17927783727645874]
[PYTHON] Final MoE Output (last 20): [0.16523008048534393, 0.02570514753460884, 0.32701921463012695, 0.32314860820770264, 0.4060303568840027, 0.4178209602832794, 0.6472069621086121, -0.088823102414608, 0.38226309418678284, -0.14236809313297272, -0.07687249779701233, -0.048360541462898254, -0.08380133658647537, -0.4689408838748932, -0.30641844868659973, -0.43735241889953613, -0.005426518619060516, -0.013657677918672562, 0.01795446127653122, 0.10316412150859833]
[PYTHON] MLP output : [0.16523008048534393, 0.02570514753460884, 0.32701921463012695, 0.32314860820770264, 0.4060303568840027, 0.4178209602832794, 0.6472069621086121, -0.088823102414608, 0.38226309418678284, -0.14236809313297272, -0.07687249779701233, -0.048360541462898254, -0.08380133658647537, -0.4689408838748932, -0.30641844868659973, -0.43735241889953613, -0.005426518619060516, -0.013657677918672562, 0.01795446127653122, 0.10316412150859833]
[PYTHON] MLP + residual output : [5.084985733032227, 6.172776222229004, 14.398332595825195, 13.642295837402344, 9.228363037109375, 7.345333576202393, 29.874305725097656, 0.485250860452652, 40.90854263305664, -5.680771350860596, -10.189275741577148, -4.819197654724121, 13.508056640625, -16.536861419677734, 4.531342029571533, -29.64077377319336, -14.664033889770508, -7.9593024253845215, -8.307747840881348, 4.761494159698486]
[PYTHON] input hidden state of decoder layer: [5.084985733032227, 6.172776222229004, 14.398332595825195, 13.642295837402344, 9.228363037109375, 7.345333576202393, 29.874305725097656, 0.485250860452652, 40.90854263305664, -5.680771350860596, -10.189275741577148, -4.819197654724121, 13.508056640625, -16.536861419677734, 4.531342029571533, -29.64077377319336, -14.664033889770508, -7.9593024253845215, -8.307747840881348, 4.761494159698486]
[PYTHON] input_layernorm layer: [0.06120510771870613, 0.06640179455280304, 0.15990908443927765, 0.16420462727546692, 0.09873475879430771, 0.07816101610660553, 0.30746710300445557, 0.00502242986112833, 0.47098463773727417, -0.05813632160425186, -0.12145761400461197, -0.049319081008434296, 0.1563052237033844, -0.199044868350029, 0.05216985195875168, -0.3843456506729126, -0.17223934829235077, -0.0865454375743866, -0.08695276081562042, 0.0537121556699276]
[PYTHON] attention output : [0.058118369430303574, 0.04257955402135849, -0.022984476760029793, -0.04613294079899788, 0.03110610693693161, 0.03544638305902481, 0.0697573870420456, -0.05682279169559479, 0.06560584902763367, -0.023521121591329575, 0.07467658817768097, -0.02993764728307724, -0.07951374351978302, 0.10009332001209259, 0.11961742490530014, -0.03511504456400871, 0.09607522189617157, -0.05358244478702545, -0.03418925777077675, 0.10886148363351822]
[PYTHON] attention + residual output : [5.143104076385498, 6.21535587310791, 14.375348091125488, 13.596162796020508, 9.259469032287598, 7.38077974319458, 29.944063186645508, 0.428428053855896, 40.97414779663086, -5.704292297363281, -10.114599227905273, -4.849135398864746, 13.428543090820312, -16.436767578125, 4.650959491729736, -29.675888061523438, -14.56795883178711, -8.012885093688965, -8.341937065124512, 4.870355606079102]
[PYTHON] post layer norm output : [0.07058002054691315, 0.08601761609315872, 0.19058892130851746, 0.18816451728343964, 0.1184549480676651, 0.09442116320133209, 0.3534688949584961, 0.00560537725687027, 0.557532548904419, -0.07330583035945892, -0.13409975171089172, -0.062034234404563904, 0.1866256147623062, -0.22269824147224426, 0.06463754922151566, -0.3744621276855469, -0.1872127503156662, -0.10157570242881775, -0.11011264473199844, 0.06428815424442291]
[PYTHON] MoE Input (last 20): [0.07058002054691315, 0.08601761609315872, 0.19058892130851746, 0.18816451728343964, 0.1184549480676651, 0.09442116320133209, 0.3534688949584961, 0.00560537725687027, 0.557532548904419, -0.07330583035945892, -0.13409975171089172, -0.062034234404563904, 0.1866256147623062, -0.22269824147224426, 0.06463754922151566, -0.3744621276855469, -0.1872127503156662, -0.10157570242881775, -0.11011264473199844, 0.06428815424442291]
[PYTHON] TopK indices: [24, 11, 36, 47, 34, 58]
[PYTHON] TopK weights: [0.023153791204094887, 0.02337822876870632, 0.026693932712078094, 0.36173489689826965, 0.022760730236768723, 0.021786609664559364]
[PYTHON] Routed Expert Output (last 20): [-0.08733014762401581, -0.06128627806901932, 0.13059291243553162, 0.039689190685749054, 0.06601446121931076, -0.022031940519809723, -0.03317529335618019, -0.0981951355934143, 0.04837513715028763, 0.0075898561626672745, -0.03802704066038132, 0.05006043612957001, -0.00202783290296793, -0.07728651911020279, -0.09742031991481781, 0.061947643756866455, 0.0007038486655801535, -0.10194814205169678, 0.004051408730447292, -0.01605217345058918]
[PYTHON] Shared Expert Output (last 20): [0.15290312469005585, 0.08937828987836838, 0.004695038311183453, 0.011838693171739578, -0.032209109514951706, -0.02286725677549839, 0.07411505281925201, -0.0023821070790290833, -0.10725545138120651, 0.0540444552898407, 0.053820885717868805, 0.02042222023010254, -0.029472162947058678, -0.13957752287387848, -0.13335855305194855, 0.13412463665008545, -0.044643230736255646, 0.17450377345085144, 0.30380484461784363, -0.23425409197807312]
[PYTHON] Final MoE Output (last 20): [0.06557297706604004, 0.02809201180934906, 0.13528795540332794, 0.05152788385748863, 0.033805351704359055, -0.044899195432662964, 0.04093975946307182, -0.10057724267244339, -0.058880314230918884, 0.061634309589862823, 0.015793845057487488, 0.07048265635967255, -0.03149999678134918, -0.21686404943466187, -0.23077887296676636, 0.1960722804069519, -0.04393938183784485, 0.07255563139915466, 0.3078562617301941, -0.25030627846717834]
[PYTHON] MLP output : [0.06557297706604004, 0.02809201180934906, 0.13528795540332794, 0.05152788385748863, 0.033805351704359055, -0.044899195432662964, 0.04093975946307182, -0.10057724267244339, -0.058880314230918884, 0.061634309589862823, 0.015793845057487488, 0.07048265635967255, -0.03149999678134918, -0.21686404943466187, -0.23077887296676636, 0.1960722804069519, -0.04393938183784485, 0.07255563139915466, 0.3078562617301941, -0.25030627846717834]
[PYTHON] MLP + residual output : [5.208677291870117, 6.243447780609131, 14.510636329650879, 13.647690773010254, 9.29327392578125, 7.335880756378174, 29.985002517700195, 0.3278508186340332, 40.91526794433594, -5.64265775680542, -10.09880542755127, -4.778652667999268, 13.397043228149414, -16.65363121032715, 4.420180797576904, -29.479816436767578, -14.611898422241211, -7.940329551696777, -8.034080505371094, 4.620049476623535]
[PYTHON] input hidden state of decoder layer: [5.208677291870117, 6.243447780609131, 14.510636329650879, 13.647690773010254, 9.29327392578125, 7.335880756378174, 29.985002517700195, 0.3278508186340332, 40.91526794433594, -5.64265775680542, -10.09880542755127, -4.778652667999268, 13.397043228149414, -16.65363121032715, 4.420180797576904, -29.479816436767578, -14.611898422241211, -7.940329551696777, -8.034080505371094, 4.620049476623535]
[PYTHON] input_layernorm layer: [0.06424082070589066, 0.07373408228158951, 0.1781216412782669, 0.17467454075813293, 0.10596747696399689, 0.08535520732402802, 0.32620713114738464, 0.003814644180238247, 0.49034345149993896, -0.06434096395969391, -0.11926521360874176, -0.05476706475019455, 0.16445201635360718, -0.20539627969264984, 0.055801715701818466, -0.36015698313713074, -0.17851458489894867, -0.08730680495500565, -0.09020721167325974, 0.05536835268139839]
[PYTHON] attention output : [0.024202167987823486, 0.04732417315244675, 1.0089250281453133e-05, -0.06471079587936401, 0.06220510974526405, 0.017997141927480698, 0.08109472692012787, -0.010776552371680737, 0.012050893157720566, -0.01862957887351513, 0.023710209876298904, -0.0630800873041153, -0.08285266906023026, 0.07589343190193176, 0.08887646347284317, -0.059888165444135666, -0.0750131756067276, -0.050313062965869904, -0.012225717306137085, 0.11894909292459488]
[PYTHON] attention + residual output : [5.232879638671875, 6.290771961212158, 14.51064682006836, 13.582980155944824, 9.35547924041748, 7.353878021240234, 30.066097259521484, 0.3170742690563202, 40.92731857299805, -5.661287307739258, -10.075095176696777, -4.841732978820801, 13.314190864562988, -16.57773780822754, 4.50905704498291, -29.539705276489258, -14.686911582946777, -7.990642547607422, -8.046306610107422, 4.7389984130859375]
[PYTHON] post layer norm output : [0.0712355300784111, 0.0863686203956604, 0.19246938824653625, 0.18885697424411774, 0.11919285356998444, 0.09540284425020218, 0.36731308698654175, 0.004150338936597109, 0.5523843169212341, -0.07344464212656021, -0.13246393203735352, -0.06196743994951248, 0.18279606103897095, -0.22567380964756012, 0.06216903775930405, -0.3746301531791687, -0.18968085944652557, -0.10226909816265106, -0.10532201081514359, 0.06175535172224045]
[PYTHON] MoE Input (last 20): [0.0712355300784111, 0.0863686203956604, 0.19246938824653625, 0.18885697424411774, 0.11919285356998444, 0.09540284425020218, 0.36731308698654175, 0.004150338936597109, 0.5523843169212341, -0.07344464212656021, -0.13246393203735352, -0.06196743994951248, 0.18279606103897095, -0.22567380964756012, 0.06216903775930405, -0.3746301531791687, -0.18968085944652557, -0.10226909816265106, -0.10532201081514359, 0.06175535172224045]
[PYTHON] TopK indices: [7, 51, 27, 5, 23, 24]
[PYTHON] TopK weights: [0.033591222018003464, 0.3330100476741791, 0.034549105912446976, 0.0226636603474617, 0.02642226591706276, 0.022502552717924118]
[PYTHON] Routed Expert Output (last 20): [0.028387337923049927, 0.017550421878695488, 0.16871243715286255, 0.05117499828338623, 0.029682230204343796, -0.010089054703712463, 0.00011598505079746246, -0.009868093766272068, 0.04398687928915024, 0.03933575004339218, -0.01312317419797182, 0.006854670122265816, -0.02816719561815262, 0.06167289987206459, -0.017225680872797966, -0.026256950572133064, -0.01801404170691967, -0.013876726850867271, 0.09554260224103928, -0.022063888609409332]
[PYTHON] Shared Expert Output (last 20): [-0.1554126888513565, 0.056925974786281586, 0.14236611127853394, 0.10634458065032959, 0.06128479167819023, 0.10352852195501328, 0.10598237067461014, 0.03804543986916542, 0.04543197527527809, 0.1788439303636551, -0.1798737794160843, -0.13066644966602325, -0.191853865981102, -0.27048125863075256, -0.22658926248550415, 0.029613671824336052, 0.1174197867512703, 0.139574334025383, 0.17388035356998444, -0.05999383330345154]
[PYTHON] Final MoE Output (last 20): [-0.12702535092830658, 0.07447639852762222, 0.3110785484313965, 0.15751957893371582, 0.09096702188253403, 0.09343946725130081, 0.10609835386276245, 0.028177347034215927, 0.08941885828971863, 0.21817967295646667, -0.19299694895744324, -0.12381178140640259, -0.2200210690498352, -0.20880836248397827, -0.24381494522094727, 0.0033567212522029877, 0.09940574318170547, 0.12569761276245117, 0.2694229483604431, -0.08205772191286087]
[PYTHON] MLP output : [-0.12702535092830658, 0.07447639852762222, 0.3110785484313965, 0.15751957893371582, 0.09096702188253403, 0.09343946725130081, 0.10609835386276245, 0.028177347034215927, 0.08941885828971863, 0.21817967295646667, -0.19299694895744324, -0.12381178140640259, -0.2200210690498352, -0.20880836248397827, -0.24381494522094727, 0.0033567212522029877, 0.09940574318170547, 0.12569761276245117, 0.2694229483604431, -0.08205772191286087]
[PYTHON] MLP + residual output : [5.105854511260986, 6.365248203277588, 14.821725845336914, 13.740499496459961, 9.446446418762207, 7.447317600250244, 30.172195434570312, 0.3452516198158264, 41.01673889160156, -5.443107604980469, -10.268092155456543, -4.965544700622559, 13.094169616699219, -16.78654670715332, 4.265242099761963, -29.536348342895508, -14.587506294250488, -7.864944934844971, -7.776883602142334, 4.656940460205078]
[PYTHON] input hidden state of decoder layer: [5.105854511260986, 6.365248203277588, 14.821725845336914, 13.740499496459961, 9.446446418762207, 7.447317600250244, 30.172195434570312, 0.3452516198158264, 41.01673889160156, -5.443107604980469, -10.268092155456543, -4.965544700622559, 13.094169616699219, -16.78654670715332, 4.265242099761963, -29.536348342895508, -14.587506294250488, -7.864944934844971, -7.776883602142334, 4.656940460205078]
[PYTHON] input_layernorm layer: [0.05023105815052986, 0.0629914253950119, 0.15444326400756836, 0.14797604084014893, 0.09458322077989578, 0.07239916175603867, 0.28980642557144165, 0.003135288367047906, 0.3796430230140686, -0.051014069467782974, -0.09982134401798248, -0.04885069653391838, 0.11586138606071472, -0.15928179025650024, 0.03972654789686203, -0.3077704906463623, -0.14605844020843506, -0.07920616120100021, -0.07469761371612549, 0.04744122549891472]
[PYTHON] attention output : [0.00224530091509223, -0.07026877254247665, -0.04715973883867264, -0.0901639461517334, 0.0484679713845253, -0.012685715220868587, 8.548656478524208e-05, 0.06084620952606201, 0.0028517120517790318, 0.019994068890810013, -0.022097714245319366, -0.1054658591747284, 0.035295236855745316, -0.0039311680011451244, 0.04686252027750015, -0.05834518373012543, -0.11736170202493668, 0.03469257429242134, -0.06881651282310486, 0.10296108573675156]
[PYTHON] attention + residual output : [5.108099937438965, 6.294979572296143, 14.774565696716309, 13.650335311889648, 9.494914054870605, 7.434631824493408, 30.17228126525879, 0.4060978293418884, 41.01959228515625, -5.4231133460998535, -10.290189743041992, -5.071010589599609, 13.129465103149414, -16.790477752685547, 4.31210470199585, -29.594694137573242, -14.70486831665039, -7.830252170562744, -7.845700263977051, 4.759901523590088]
[PYTHON] post layer norm output : [0.07225607335567474, 0.09051071852445602, 0.2038317322731018, 0.19626778364181519, 0.12767672538757324, 0.10040519386529922, 0.3864021599292755, 0.00553165702149272, 0.5802382230758667, -0.07387088239192963, -0.1407667100429535, -0.06759876012802124, 0.1887785792350769, -0.23848529160022736, 0.06149844080209732, -0.39278730750083923, -0.19687823951244354, -0.10574807226657867, -0.10778354108333588, 0.06483694911003113]
[PYTHON] MoE Input (last 20): [0.07225607335567474, 0.09051071852445602, 0.2038317322731018, 0.19626778364181519, 0.12767672538757324, 0.10040519386529922, 0.3864021599292755, 0.00553165702149272, 0.5802382230758667, -0.07387088239192963, -0.1407667100429535, -0.06759876012802124, 0.1887785792350769, -0.23848529160022736, 0.06149844080209732, -0.39278730750083923, -0.19687823951244354, -0.10574807226657867, -0.10778354108333588, 0.06483694911003113]
[PYTHON] TopK indices: [48, 55, 52, 14, 5, 36]
[PYTHON] TopK weights: [0.013371692970395088, 0.5678538084030151, 0.013877514749765396, 0.026930391788482666, 0.018633633852005005, 0.013299145735800266]
[PYTHON] Routed Expert Output (last 20): [-0.007852943614125252, 0.020160218700766563, 0.006059382576495409, 0.06128234788775444, 0.021572424098849297, 0.019417406991124153, 0.038442954421043396, -0.07745669782161713, 0.014619311317801476, 0.026143576949834824, -0.02756671980023384, 0.04653845727443695, -0.023259000852704048, 0.03068995475769043, -0.03879628702998161, -0.03384353965520859, 0.04859905689954758, -0.041384007781744, 0.026130275800824165, -0.0360686331987381]
[PYTHON] Shared Expert Output (last 20): [-0.04717906191945076, 0.10244923830032349, 0.2027507871389389, -0.05632619187235832, 0.07807504385709763, -0.09070447832345963, 0.05391455814242363, -0.05521155521273613, -0.0653323233127594, 0.015969663858413696, 0.15807969868183136, 0.057631704956293106, -0.042035482823848724, -0.057619716972112656, 0.023451168090105057, 0.09829122573137283, 0.008411205373704433, -0.07433747500181198, -0.0495157390832901, 0.18619485199451447]
[PYTHON] Final MoE Output (last 20): [-0.05503200739622116, 0.1226094588637352, 0.20881016552448273, 0.004956156015396118, 0.09964746981859207, -0.07128707319498062, 0.09235751628875732, -0.13266825675964355, -0.050713010132312775, 0.04211324080824852, 0.13051298260688782, 0.10417015850543976, -0.06529448181390762, -0.026929762214422226, -0.015345118939876556, 0.06444768607616425, 0.057010263204574585, -0.11572147905826569, -0.023385463282465935, 0.15012621879577637]
[PYTHON] MLP output : [-0.05503200739622116, 0.1226094588637352, 0.20881016552448273, 0.004956156015396118, 0.09964746981859207, -0.07128707319498062, 0.09235751628875732, -0.13266825675964355, -0.050713010132312775, 0.04211324080824852, 0.13051298260688782, 0.10417015850543976, -0.06529448181390762, -0.026929762214422226, -0.015345118939876556, 0.06444768607616425, 0.057010263204574585, -0.11572147905826569, -0.023385463282465935, 0.15012621879577637]
[PYTHON] MLP + residual output : [5.053068161010742, 6.41758918762207, 14.983375549316406, 13.655291557312012, 9.594561576843262, 7.363344669342041, 30.264638900756836, 0.2734295725822449, 40.96887969970703, -5.38100004196167, -10.159676551818848, -4.9668402671813965, 13.064170837402344, -16.817407608032227, 4.296759605407715, -29.53024673461914, -14.647857666015625, -7.945973873138428, -7.869085788726807, 4.910027503967285]
[PYTHON] input hidden state of decoder layer: [5.053068161010742, 6.41758918762207, 14.983375549316406, 13.655291557312012, 9.594561576843262, 7.363344669342041, 30.264638900756836, 0.2734295725822449, 40.96887969970703, -5.38100004196167, -10.159676551818848, -4.9668402671813965, 13.064170837402344, -16.817407608032227, 4.296759605407715, -29.53024673461914, -14.647857666015625, -7.945973873138428, -7.869085788726807, 4.910027503967285]
[PYTHON] input_layernorm layer: [0.06384427845478058, 0.0807110071182251, 0.18407687544822693, 0.17968694865703583, 0.11787310242652893, 0.08874677121639252, 0.36476483941078186, 0.0031681496184319258, 0.5152463316917419, -0.06172148138284683, -0.12126649916172028, -0.0607304647564888, 0.16125930845737457, -0.22031733393669128, 0.05178673565387726, -0.3817043900489807, -0.18507209420204163, -0.09715687483549118, -0.09575857222080231, 0.0617511123418808]
[PYTHON] attention output : [0.02141578309237957, 0.04671555012464523, 0.08739612996578217, -0.07316181063652039, 0.01455523632466793, 0.017904475331306458, 0.0680890679359436, -0.0446283258497715, 0.03851502016186714, 0.013705975376069546, 0.05036424100399017, -0.05578866973519325, -0.06150641292333603, 0.1282995641231537, 0.07470383495092392, -0.09795644879341125, -0.031142935156822205, 0.048487503081560135, -0.01090535894036293, 0.11321620643138885]
[PYTHON] attention + residual output : [5.074483871459961, 6.4643049240112305, 15.070771217346191, 13.58212947845459, 9.609116554260254, 7.381248950958252, 30.332727432250977, 0.22880125045776367, 41.00739288330078, -5.367293834686279, -10.109312057495117, -5.0226287841796875, 13.002664566040039, -16.68910789489746, 4.371463298797607, -29.628202438354492, -14.679000854492188, -7.897486209869385, -7.879991054534912, 5.0232439041137695]
[PYTHON] post layer norm output : [0.0729842483997345, 0.09447912126779556, 0.21236900985240936, 0.19771888852119446, 0.13260872662067413, 0.10229327529668808, 0.40093836188316345, 0.0032108183950185776, 0.5897927284240723, -0.07469534873962402, -0.1395115703344345, -0.06902133673429489, 0.18852631747722626, -0.24391984939575195, 0.06414571404457092, -0.4054277539253235, -0.20171992480754852, -0.10990743339061737, -0.11149933934211731, 0.07019978761672974]
[PYTHON] MoE Input (last 20): [0.0729842483997345, 0.09447912126779556, 0.21236900985240936, 0.19771888852119446, 0.13260872662067413, 0.10229327529668808, 0.40093836188316345, 0.0032108183950185776, 0.5897927284240723, -0.07469534873962402, -0.1395115703344345, -0.06902133673429489, 0.18852631747722626, -0.24391984939575195, 0.06414571404457092, -0.4054277539253235, -0.20171992480754852, -0.10990743339061737, -0.11149933934211731, 0.07019978761672974]
[PYTHON] TopK indices: [26, 63, 33, 9, 13, 49]
[PYTHON] TopK weights: [0.017677221447229385, 0.023424487560987473, 0.026545194908976555, 0.37965482473373413, 0.018889782950282097, 0.017175190150737762]
[PYTHON] Routed Expert Output (last 20): [-0.056720610707998276, -0.11733091622591019, 0.05993082374334335, 0.03732823207974434, -0.07849571108818054, 0.005504996981471777, 0.001958785578608513, -0.11370817571878433, 0.016463540494441986, 0.044002484530210495, 0.03589197248220444, -0.07839902490377426, 0.07156316936016083, 0.06357031315565109, -0.06831386685371399, 0.07399872690439224, -0.09344390034675598, 0.07563837617635727, 0.00300426222383976, 0.061798784881830215]
[PYTHON] Shared Expert Output (last 20): [-0.27932924032211304, -0.21712303161621094, 0.11682673543691635, -0.08009254932403564, 0.16421493887901306, 0.03674439340829849, -0.07500562816858292, -0.049779921770095825, -0.010926974937319756, -0.02183661237359047, -0.10411117225885391, -0.017612814903259277, 0.01367421168833971, -0.09191130846738815, -0.30835556983947754, 0.12495159357786179, -0.04851177707314491, 0.15456163883209229, 0.35502731800079346, 0.15868310630321503]
[PYTHON] Final MoE Output (last 20): [-0.3360498547554016, -0.3344539403915405, 0.1767575591802597, -0.042764317244291306, 0.08571922779083252, 0.04224938899278641, -0.07304684072732925, -0.16348809003829956, 0.0055365655571222305, 0.022165872156620026, -0.06821919977664948, -0.09601183980703354, 0.08523738384246826, -0.02834099531173706, -0.37666943669319153, 0.19895032048225403, -0.1419556736946106, 0.23020002245903015, 0.35803157091140747, 0.22048188745975494]
[PYTHON] MLP output : [-0.3360498547554016, -0.3344539403915405, 0.1767575591802597, -0.042764317244291306, 0.08571922779083252, 0.04224938899278641, -0.07304684072732925, -0.16348809003829956, 0.0055365655571222305, 0.022165872156620026, -0.06821919977664948, -0.09601183980703354, 0.08523738384246826, -0.02834099531173706, -0.37666943669319153, 0.19895032048225403, -0.1419556736946106, 0.23020002245903015, 0.35803157091140747, 0.22048188745975494]
[PYTHON] MLP + residual output : [4.738433837890625, 6.1298508644104, 15.247529029846191, 13.5393648147583, 9.694835662841797, 7.423498153686523, 30.259679794311523, 0.06531316041946411, 41.0129280090332, -5.345128059387207, -10.177531242370605, -5.118640422821045, 13.087902069091797, -16.717449188232422, 3.9947938919067383, -29.42925262451172, -14.820956230163574, -7.667286396026611, -7.52195930480957, 5.243725776672363]
[PYTHON] input hidden state of decoder layer: [4.738433837890625, 6.1298508644104, 15.247529029846191, 13.5393648147583, 9.694835662841797, 7.423498153686523, 30.259679794311523, 0.06531316041946411, 41.0129280090332, -5.345128059387207, -10.177531242370605, -5.118640422821045, 13.087902069091797, -16.717449188232422, 3.9947938919067383, -29.42925262451172, -14.820956230163574, -7.667286396026611, -7.52195930480957, 5.243725776672363]
[PYTHON] input_layernorm layer: [0.048051342368125916, 0.06073237210512161, 0.1501784473657608, 0.14203396439552307, 0.09774801880121231, 0.07225143909454346, 0.283930242061615, 0.0006204542005434632, 0.4135121703147888, -0.05295762047171593, -0.10024219751358032, -0.05220524221658707, 0.1205170601606369, -0.18024498224258423, 0.0400446280837059, -0.29500481486320496, -0.15375089645385742, -0.07462418079376221, -0.07145621627569199, 0.052869781851768494]
[PYTHON] attention output : [0.12353558093309402, 0.0730949118733406, 0.02766525000333786, 0.05752896890044212, 0.028389200568199158, -0.04980725049972534, -0.017430050298571587, -0.0568070188164711, -0.03822338581085205, 0.07582299411296844, 0.007335323840379715, -0.0850059762597084, -0.10317167639732361, 0.1292988657951355, 0.13494062423706055, 0.0033131418749690056, -0.06216203421354294, 0.01413195114582777, -0.08283606916666031, 0.04523530602455139]
[PYTHON] attention + residual output : [4.861969470977783, 6.202945709228516, 15.27519416809082, 13.596893310546875, 9.723224639892578, 7.373691082000732, 30.242250442504883, 0.008506141602993011, 40.97470474243164, -5.269305229187012, -10.170195579528809, -5.203646183013916, 12.98473072052002, -16.588150024414062, 4.129734516143799, -29.425939559936523, -14.883118629455566, -7.653154373168945, -7.604795455932617, 5.288960933685303]
[PYTHON] post layer norm output : [0.07197461277246475, 0.09327195584774017, 0.22345693409442902, 0.20445266366004944, 0.1382717788219452, 0.10614883899688721, 0.42125532031059265, 0.00012393842916935682, 0.6065728068351746, -0.07646912336349487, -0.14581350982189178, -0.07399986684322357, 0.19524775445461273, -0.2474977821111679, 0.06306041777133942, -0.42017459869384766, -0.21164946258068085, -0.11106397956609726, -0.11169183999300003, 0.07613786309957504]
[PYTHON] MoE Input (last 20): [0.07197461277246475, 0.09327195584774017, 0.22345693409442902, 0.20445266366004944, 0.1382717788219452, 0.10614883899688721, 0.42125532031059265, 0.00012393842916935682, 0.6065728068351746, -0.07646912336349487, -0.14581350982189178, -0.07399986684322357, 0.19524775445461273, -0.2474977821111679, 0.06306041777133942, -0.42017459869384766, -0.21164946258068085, -0.11106397956609726, -0.11169183999300003, 0.07613786309957504]
[PYTHON] TopK indices: [0, 26, 11, 18, 43, 41]
[PYTHON] TopK weights: [0.02158794179558754, 0.35798537731170654, 0.018511204048991203, 0.018875187262892723, 0.0188180822879076, 0.018288301303982735]
[PYTHON] Routed Expert Output (last 20): [-0.0767136961221695, 0.02278873696923256, 0.06455228477716446, 0.12758173048496246, -0.038847558200359344, -0.009748739190399647, -0.06440801173448563, -0.0010950681753456593, 0.060188911855220795, 0.0498788096010685, 0.04504431411623955, 0.027985135093331337, -0.008442051708698273, -0.002700569573789835, -0.0634341761469841, 0.02408863976597786, 0.009325401857495308, -0.168544203042984, 0.03885228931903839, 0.032944485545158386]
[PYTHON] Shared Expert Output (last 20): [-0.14459455013275146, -0.24188953638076782, 0.03511831536889076, 0.1626426726579666, -0.01718916743993759, -0.10789943486452103, 0.15957298874855042, -0.14462125301361084, -0.17574134469032288, 0.1721700131893158, -0.0076101990416646, 0.09130385518074036, -0.11245959997177124, -0.05949674919247627, -0.16251859068870544, 0.4327944219112396, 0.1607421338558197, -0.11592809110879898, -0.1340634524822235, -0.027838289737701416]
[PYTHON] Final MoE Output (last 20): [-0.22130824625492096, -0.21910080313682556, 0.09967060387134552, 0.2902244031429291, -0.056036725640296936, -0.1176481768488884, 0.09516497701406479, -0.1457163244485855, -0.11555243283510208, 0.222048819065094, 0.03743411600589752, 0.11928898841142654, -0.12090165168046951, -0.06219732016324997, -0.22595277428627014, 0.4568830728530884, 0.17006753385066986, -0.2844722867012024, -0.09521116316318512, 0.00510619580745697]
[PYTHON] MLP output : [-0.22130824625492096, -0.21910080313682556, 0.09967060387134552, 0.2902244031429291, -0.056036725640296936, -0.1176481768488884, 0.09516497701406479, -0.1457163244485855, -0.11555243283510208, 0.222048819065094, 0.03743411600589752, 0.11928898841142654, -0.12090165168046951, -0.06219732016324997, -0.22595277428627014, 0.4568830728530884, 0.17006753385066986, -0.2844722867012024, -0.09521116316318512, 0.00510619580745697]
[PYTHON] MLP + residual output : [4.640661239624023, 5.983844757080078, 15.37486457824707, 13.887117385864258, 9.667187690734863, 7.256042957305908, 30.33741569519043, -0.1372101902961731, 40.859153747558594, -5.0472564697265625, -10.132761001586914, -5.084357261657715, 12.863828659057617, -16.650346755981445, 3.9037816524505615, -28.969057083129883, -14.713050842285156, -7.937626838684082, -7.700006484985352, 5.294066905975342]
[PYTHON] input hidden state of decoder layer: [4.640661239624023, 5.983844757080078, 15.37486457824707, 13.887117385864258, 9.667187690734863, 7.256042957305908, 30.33741569519043, -0.1372101902961731, 40.859153747558594, -5.0472564697265625, -10.132761001586914, -5.084357261657715, 12.863828659057617, -16.650346755981445, 3.9037816524505615, -28.969057083129883, -14.713050842285156, -7.937626838684082, -7.700006484985352, 5.294066905975342]
[PYTHON] input_layernorm layer: [0.037355292588472366, 0.04886540770530701, 0.12914183735847473, 0.12393578886985779, 0.08119996637105942, 0.05967771261930466, 0.2654379606246948, -0.001072468003258109, 0.33843159675598145, -0.04239464923739433, -0.0874747484922409, -0.04389256238937378, 0.09491917490959167, -0.15150991082191467, 0.03210685774683952, -0.253465473651886, -0.13302326202392578, -0.0680614486336708, -0.060185112059116364, 0.04632056504487991]
[PYTHON] attention output : [0.10418679565191269, 0.06566821783781052, 0.02211214415729046, -0.03274402767419815, 0.021946731954813004, 0.056965455412864685, 0.04705401137471199, 0.03879643976688385, 0.024265652522444725, 0.07645534723997116, -0.058394093066453934, 0.018160054460167885, -0.14520016312599182, 0.08719278872013092, 0.11791745573282242, -0.02816494181752205, -0.14982275664806366, 0.030683763325214386, -0.06579744815826416, 0.1055627390742302]
[PYTHON] attention + residual output : [4.744848251342773, 6.04951286315918, 15.396976470947266, 13.85437297821045, 9.68913459777832, 7.3130083084106445, 30.384469985961914, -0.09841375052928925, 40.883419036865234, -4.97080135345459, -10.191155433654785, -5.066197395324707, 12.718628883361816, -16.563154220581055, 4.021698951721191, -28.997222900390625, -14.862874031066895, -7.906942844390869, -7.765803813934326, 5.399629592895508]
[PYTHON] post layer norm output : [0.07638172060251236, 0.09808965772390366, 0.24246954917907715, 0.2246413379907608, 0.14806222915649414, 0.11345815658569336, 0.45722436904907227, -0.0015498066786676645, 0.6533648371696472, -0.077699676156044, -0.15692254900932312, -0.07800887525081635, 0.20622584223747253, -0.2666306793689728, 0.06567885726690292, -0.44987934827804565, -0.22885727882385254, -0.1254398375749588, -0.1222948506474495, 0.08440278470516205]
[PYTHON] MoE Input (last 20): [0.07638172060251236, 0.09808965772390366, 0.24246954917907715, 0.2246413379907608, 0.14806222915649414, 0.11345815658569336, 0.45722436904907227, -0.0015498066786676645, 0.6533648371696472, -0.077699676156044, -0.15692254900932312, -0.07800887525081635, 0.20622584223747253, -0.2666306793689728, 0.06567885726690292, -0.44987934827804565, -0.22885727882385254, -0.1254398375749588, -0.1222948506474495, 0.08440278470516205]
[PYTHON] TopK indices: [61, 56, 5, 39, 2, 49]
[PYTHON] TopK weights: [0.02155718207359314, 0.22349877655506134, 0.022495822980999947, 0.023163435980677605, 0.021402958780527115, 0.021077368408441544]
[PYTHON] Routed Expert Output (last 20): [-0.09443068504333496, -0.0283890962600708, 0.16265836358070374, -0.03080281801521778, -0.05970199778676033, 0.009314564056694508, 0.05226627364754677, -0.08543236553668976, 0.10878147929906845, -0.04922882467508316, 0.021124493330717087, -0.053515635430812836, -0.02353372611105442, 0.04866858944296837, -0.06627970188856125, -0.11398522555828094, -0.05126098915934563, 0.001218763180077076, -0.11116556823253632, 0.11921855807304382]
[PYTHON] Shared Expert Output (last 20): [-0.16983777284622192, -0.17957955598831177, -0.14651702344417572, -0.1907861977815628, 0.019680529832839966, -0.25484028458595276, 0.20821711421012878, -0.13057731091976166, 0.1773841232061386, -0.026697812601923943, 0.07238682359457016, 0.14435528218746185, 0.06598011404275894, -0.5552968382835388, -0.22313931584358215, -0.3087289035320282, -0.1696096509695053, -0.05570598691701889, -0.06635422259569168, -0.09483637660741806]
[PYTHON] Final MoE Output (last 20): [-0.2642684578895569, -0.20796865224838257, 0.016141340136528015, -0.22158901393413544, -0.040021467953920364, -0.24552571773529053, 0.26048338413238525, -0.21600967645645142, 0.28616559505462646, -0.07592663913965225, 0.09351131319999695, 0.09083964675664902, 0.04244638979434967, -0.5066282749176025, -0.289419025182724, -0.42271411418914795, -0.22087064385414124, -0.05448722466826439, -0.1775197982788086, 0.024382181465625763]
[PYTHON] MLP output : [-0.2642684578895569, -0.20796865224838257, 0.016141340136528015, -0.22158901393413544, -0.040021467953920364, -0.24552571773529053, 0.26048338413238525, -0.21600967645645142, 0.28616559505462646, -0.07592663913965225, 0.09351131319999695, 0.09083964675664902, 0.04244638979434967, -0.5066282749176025, -0.289419025182724, -0.42271411418914795, -0.22087064385414124, -0.05448722466826439, -0.1775197982788086, 0.024382181465625763]
[PYTHON] MLP + residual output : [4.480579853057861, 5.841544151306152, 15.413117408752441, 13.632783889770508, 9.649112701416016, 7.0674824714660645, 30.64495277404785, -0.31442344188690186, 41.169586181640625, -5.046728134155273, -10.097643852233887, -4.975357532501221, 12.761075019836426, -17.069782257080078, 3.7322800159454346, -29.419937133789062, -15.083745002746582, -7.961430072784424, -7.943323612213135, 5.424011707305908]
[PYTHON] input hidden state of decoder layer: [4.480579853057861, 5.841544151306152, 15.413117408752441, 13.632783889770508, 9.649112701416016, 7.0674824714660645, 30.64495277404785, -0.31442344188690186, 41.169586181640625, -5.046728134155273, -10.097643852233887, -4.975357532501221, 12.761075019836426, -17.069782257080078, 3.7322800159454346, -29.419937133789062, -15.083745002746582, -7.961430072784424, -7.943323612213135, 5.424011707305908]
[PYTHON] input_layernorm layer: [0.03095407411456108, 0.041037410497665405, 0.11411939561367035, 0.1001429408788681, 0.0711611807346344, 0.05088584125041962, 0.24833561480045319, -0.0020163822919130325, 0.28201982378959656, -0.036336418241262436, -0.07034824043512344, -0.03480733558535576, 0.08369606733322144, -0.1263854205608368, 0.02578444592654705, -0.21868407726287842, -0.11036164313554764, -0.057786405086517334, -0.051866330206394196, 0.040317729115486145]
[PYTHON] attention output : [-0.0023647320922464132, -0.0055747004225850105, -0.07821585237979889, -0.024938568472862244, 0.057957276701927185, 0.047438547015190125, 0.04647425189614296, -0.0216534323990345, -0.06046941503882408, 0.0007807572837918997, 0.03512527793645859, 0.061804063618183136, 0.023817097768187523, 0.03886305168271065, 0.06634663790464401, -0.025156311690807343, 0.05591798946261406, 0.02757248468697071, 0.016207227483391762, -0.02294442430138588]
[PYTHON] attention + residual output : [4.478215217590332, 5.8359694480896, 15.334901809692383, 13.607845306396484, 9.707070350646973, 7.1149210929870605, 30.69142723083496, -0.33607688546180725, 41.10911560058594, -5.045947551727295, -10.062518119812012, -4.913553237915039, 12.784892082214355, -17.030920028686523, 3.798626661300659, -29.445093154907227, -15.027827262878418, -7.933857440948486, -7.927116394042969, 5.40106725692749]
[PYTHON] post layer norm output : [0.07675362378358841, 0.10070506483316422, 0.26282998919487, 0.23798918724060059, 0.1595819890499115, 0.11862678080797195, 0.4974031150341034, -0.005681764334440231, 0.6997897624969482, -0.0853075236082077, -0.16777193546295166, -0.08249635249376297, 0.22061516344547272, -0.291898638010025, 0.06643462181091309, -0.4909367859363556, -0.2488061636686325, -0.13598103821277618, -0.1340169906616211, 0.09068149328231812]
[PYTHON] MoE Input (last 20): [0.07675362378358841, 0.10070506483316422, 0.26282998919487, 0.23798918724060059, 0.1595819890499115, 0.11862678080797195, 0.4974031150341034, -0.005681764334440231, 0.6997897624969482, -0.0853075236082077, -0.16777193546295166, -0.08249635249376297, 0.22061516344547272, -0.291898638010025, 0.06643462181091309, -0.4909367859363556, -0.2488061636686325, -0.13598103821277618, -0.1340169906616211, 0.09068149328231812]
[PYTHON] TopK indices: [44, 6, 54, 5, 23, 40]
[PYTHON] TopK weights: [0.010658884420990944, 0.011175763793289661, 0.6203182935714722, 0.013106570579111576, 0.010920340195298195, 0.010535850189626217]
[PYTHON] Routed Expert Output (last 20): [-0.04200977832078934, -0.03699398413300514, 0.12078922241926193, -0.010739130899310112, 0.0604451447725296, -0.004703819751739502, 0.06411203742027283, -0.12362084537744522, 0.08746089041233063, -0.039284598082304, -0.04080383852124214, -0.06226141005754471, -0.14191162586212158, -0.015770213678479195, -0.11084888875484467, -0.07755687087774277, -0.09741666913032532, 0.03024417720735073, 0.05709794536232948, -0.04364914819598198]
[PYTHON] Shared Expert Output (last 20): [-0.21985681354999542, -0.08470878005027771, 0.029283341020345688, -0.13186973333358765, -0.05719844996929169, -0.17610755562782288, -0.04097238555550575, 0.12451234459877014, -0.017124563455581665, 0.008963466621935368, -0.09464151412248611, -0.08317713439464569, 0.016208628192543983, -0.04872717708349228, -0.40412530303001404, -0.0004170742176938802, 0.12943203747272491, 0.20630517601966858, 0.004030974581837654, -0.2589728832244873]
[PYTHON] Final MoE Output (last 20): [-0.26186659932136536, -0.12170276045799255, 0.15007255971431732, -0.1426088660955429, 0.003246694803237915, -0.18081137537956238, 0.023139651864767075, 0.0008914992213249207, 0.07033632695674896, -0.030321132391691208, -0.13544535636901855, -0.145438551902771, -0.12570299208164215, -0.06449738889932632, -0.5149741768836975, -0.07797394692897797, 0.0320153683423996, 0.23654934763908386, 0.061128921806812286, -0.3026220202445984]
[PYTHON] MLP output : [-0.26186659932136536, -0.12170276045799255, 0.15007255971431732, -0.1426088660955429, 0.003246694803237915, -0.18081137537956238, 0.023139651864767075, 0.0008914992213249207, 0.07033632695674896, -0.030321132391691208, -0.13544535636901855, -0.145438551902771, -0.12570299208164215, -0.06449738889932632, -0.5149741768836975, -0.07797394692897797, 0.0320153683423996, 0.23654934763908386, 0.061128921806812286, -0.3026220202445984]
[PYTHON] MLP + residual output : [4.216348648071289, 5.714266777038574, 15.484973907470703, 13.46523666381836, 9.71031665802002, 6.934109687805176, 30.714567184448242, -0.33518537878990173, 41.17945098876953, -5.076268672943115, -10.19796371459961, -5.0589919090271, 12.659189224243164, -17.095417022705078, 3.2836525440216064, -29.523067474365234, -14.995811462402344, -7.69730806350708, -7.865987300872803, 5.098445415496826]
[PYTHON] input hidden state of decoder layer: [4.216348648071289, 5.714266777038574, 15.484973907470703, 13.46523666381836, 9.71031665802002, 6.934109687805176, 30.714567184448242, -0.33518537878990173, 41.17945098876953, -5.076268672943115, -10.19796371459961, -5.0589919090271, 12.659189224243164, -17.095417022705078, 3.2836525440216064, -29.523067474365234, -14.995811462402344, -7.69730806350708, -7.865987300872803, 5.098445415496826]
[PYTHON] input_layernorm layer: [0.031738296151161194, 0.04268033802509308, 0.11656215786933899, 0.10371589660644531, 0.07252717018127441, 0.05077989771962166, 0.24016325175762177, -0.002435071859508753, 0.293155312538147, -0.040284767746925354, -0.07914481312036514, -0.03926205262541771, 0.08864301443099976, -0.14364799857139587, 0.02548391930758953, -0.2274012267589569, -0.11463009566068649, -0.05928846448659897, -0.05714522674679756, 0.03689069673418999]
[PYTHON] attention output : [0.10647508502006531, 0.051595330238342285, -0.08811850100755692, -0.12034087628126144, 0.06572919338941574, 0.013441843912005424, 0.06340278685092926, -0.08266372978687286, 0.007460666820406914, 0.04685463011264801, 0.11740830540657043, -0.10368992388248444, -0.1260896772146225, 0.005547611974179745, 0.04450780898332596, -0.08590227365493774, -0.08011841028928757, 0.06511123478412628, -0.11856990307569504, 0.13887052237987518]
[PYTHON] attention + residual output : [4.322823524475098, 5.765861988067627, 15.396855354309082, 13.344895362854004, 9.776045799255371, 6.947551727294922, 30.777969360351562, -0.4178491234779358, 41.186912536621094, -5.029414176940918, -10.080554962158203, -5.162682056427002, 12.533099174499512, -17.089868545532227, 3.328160285949707, -29.608970642089844, -15.075929641723633, -7.63219690322876, -7.984557151794434, 5.237316131591797]
[PYTHON] post layer norm output : [0.07968504726886749, 0.10695807635784149, 0.2856152355670929, 0.24910783767700195, 0.1733640432357788, 0.12563647329807281, 0.5422120094299316, -0.007702448405325413, 0.7496111392974854, -0.09153648465871811, -0.17994016408920288, -0.09396198391914368, 0.2310296893119812, -0.3150271773338318, 0.06251472234725952, -0.53889000415802, -0.27086758613586426, -0.1415790170431137, -0.14532075822353363, 0.09470932185649872]
[PYTHON] MoE Input (last 20): [0.07968504726886749, 0.10695807635784149, 0.2856152355670929, 0.24910783767700195, 0.1733640432357788, 0.12563647329807281, 0.5422120094299316, -0.007702448405325413, 0.7496111392974854, -0.09153648465871811, -0.17994016408920288, -0.09396198391914368, 0.2310296893119812, -0.3150271773338318, 0.06251472234725952, -0.53889000415802, -0.27086758613586426, -0.1415790170431137, -0.14532075822353363, 0.09470932185649872]
[PYTHON] TopK indices: [36, 1, 20, 38, 26, 60]
[PYTHON] TopK weights: [0.017889969050884247, 0.02422235906124115, 0.01888064481317997, 0.3652972877025604, 0.017418231815099716, 0.017249546945095062]
[PYTHON] Routed Expert Output (last 20): [-0.05387183278799057, -0.10702233761548996, 0.04047677665948868, 0.07760698348283768, -0.03479956090450287, -0.07057619839906693, 0.012246955186128616, -0.05195898562669754, 0.0347752682864666, 0.06694046407938004, 0.09529022872447968, 0.012777374126017094, 0.00397803820669651, 0.03760959953069687, -0.17049013078212738, 0.05190105363726616, -0.07417910546064377, 0.07634001970291138, 0.0011844690889120102, 0.050779473036527634]
[PYTHON] Shared Expert Output (last 20): [0.1166391596198082, -0.13704842329025269, 0.2513952851295471, -0.0466030091047287, 0.2532218098640442, -0.44296228885650635, -0.36959967017173767, 0.3864082098007202, -0.36251553893089294, 0.3727306127548218, 0.19534936547279358, 0.28855353593826294, -0.3599747121334076, -0.0036125273909419775, -0.1879541277885437, 0.3831101655960083, -0.009595288895070553, 0.06885342299938202, -0.09535332769155502, 0.1095300167798996]
[PYTHON] Final MoE Output (last 20): [0.06276732683181763, -0.24407076835632324, 0.2918720543384552, 0.03100397437810898, 0.21842224895954132, -0.5135384798049927, -0.35735270380973816, 0.33444923162460327, -0.32774028182029724, 0.4396710693836212, 0.29063957929611206, 0.30133092403411865, -0.35599666833877563, 0.0339970737695694, -0.3584442734718323, 0.43501120805740356, -0.0837743952870369, 0.1451934427022934, -0.09416885673999786, 0.16030949354171753]
[PYTHON] MLP output : [0.06276732683181763, -0.24407076835632324, 0.2918720543384552, 0.03100397437810898, 0.21842224895954132, -0.5135384798049927, -0.35735270380973816, 0.33444923162460327, -0.32774028182029724, 0.4396710693836212, 0.29063957929611206, 0.30133092403411865, -0.35599666833877563, 0.0339970737695694, -0.3584442734718323, 0.43501120805740356, -0.0837743952870369, 0.1451934427022934, -0.09416885673999786, 0.16030949354171753]
[PYTHON] MLP + residual output : [4.38559103012085, 5.521791458129883, 15.688727378845215, 13.375899314880371, 9.994467735290527, 6.434013366699219, 30.420616149902344, -0.08339989185333252, 40.85917282104492, -4.589743137359619, -9.789915084838867, -4.861351013183594, 12.177102088928223, -17.055871963500977, 2.9697160720825195, -29.173959732055664, -15.159704208374023, -7.487003326416016, -8.078725814819336, 5.39762544631958]
[PYTHON] input hidden state of decoder layer: [4.38559103012085, 5.521791458129883, 15.688727378845215, 13.375899314880371, 9.994467735290527, 6.434013366699219, 30.420616149902344, -0.08339989185333252, 40.85917282104492, -4.589743137359619, -9.789915084838867, -4.861351013183594, 12.177102088928223, -17.055871963500977, 2.9697160720825195, -29.173959732055664, -15.159704208374023, -7.487003326416016, -8.078725814819336, 5.39762544631958]
[PYTHON] input_layernorm layer: [0.03331997990608215, 0.04453406482934952, 0.13936847448349, 0.10631514340639114, 0.07593399286270142, 0.050387173891067505, 0.24001313745975494, -0.0006628841510973871, 0.2805825471878052, -0.03648047894239426, -0.08010141551494598, -0.03863929212093353, 0.08540011197328568, -0.1365613341331482, 0.021694926545023918, -0.240407332777977, -0.12226524949073792, -0.061258915811777115, -0.06373967975378036, 0.039589472115039825]
[PYTHON] attention output : [0.014269182458519936, -0.08109991997480392, -0.15951602160930634, -0.09929811954498291, 0.0917954295873642, -0.033195726573467255, 0.16576918959617615, -0.01992432028055191, 0.016668081283569336, 0.03479895740747452, -0.023869188502430916, -0.013009476475417614, -0.04635877162218094, 0.024582412093877792, 0.004633380100131035, -0.05850447714328766, 0.0786454975605011, 0.0731583684682846, 0.04532451555132866, 0.10765339434146881]
[PYTHON] attention + residual output : [4.399860382080078, 5.4406914710998535, 15.529211044311523, 13.27660083770752, 10.086262702941895, 6.40081787109375, 30.58638572692871, -0.10332421213388443, 40.87583923339844, -4.554944038391113, -9.8137845993042, -4.87436056137085, 12.130743026733398, -17.03129005432129, 2.9743494987487793, -29.232463836669922, -15.081058502197266, -7.413845062255859, -8.033401489257812, 5.505279064178467]
[PYTHON] post layer norm output : [0.08484143763780594, 0.10491152852773666, 0.3012607991695404, 0.2575610280036926, 0.18741853535175323, 0.1204332783818245, 0.568342924118042, -0.0019803005270659924, 0.7786449193954468, -0.08676724880933762, -0.18350236117839813, -0.09285181760787964, 0.23533181846141815, -0.32841020822525024, 0.05804884806275368, -0.5568499565124512, -0.2837545573711395, -0.1429593712091446, -0.15396729111671448, 0.10422682017087936]
[PYTHON] MoE Input (last 20): [0.08484143763780594, 0.10491152852773666, 0.3012607991695404, 0.2575610280036926, 0.18741853535175323, 0.1204332783818245, 0.568342924118042, -0.0019803005270659924, 0.7786449193954468, -0.08676724880933762, -0.18350236117839813, -0.09285181760787964, 0.23533181846141815, -0.32841020822525024, 0.05804884806275368, -0.5568499565124512, -0.2837545573711395, -0.1429593712091446, -0.15396729111671448, 0.10422682017087936]
[PYTHON] TopK indices: [16, 19, 21, 54, 53, 28]
[PYTHON] TopK weights: [0.013200724497437477, 0.5274245738983154, 0.014719105325639248, 0.013044215738773346, 0.01299182791262865, 0.012961449101567268]
[PYTHON] Routed Expert Output (last 20): [0.044823940843343735, -0.13203825056552887, 0.20950928330421448, 0.1702633500099182, 0.0027824947610497475, -0.06482647359371185, 0.03950020670890808, -0.04739402234554291, -0.0929054319858551, 0.052277036011219025, 0.036623504012823105, -0.010641202330589294, -0.04469028860330582, 0.0643538236618042, -0.2411937266588211, -0.07311224192380905, -0.12348902970552444, 0.12035983055830002, -0.002445561345666647, -0.0006517115980386734]
[PYTHON] Shared Expert Output (last 20): [-0.3937945067882538, 0.4284301698207855, 0.5460687875747681, -0.3138890266418457, -0.3053511679172516, 0.10731883347034454, -0.17240817844867706, 0.15973161160945892, -0.29531431198120117, 0.7395088076591492, -0.03852514922618866, 0.03773592785000801, -0.09482558816671371, 0.6989322900772095, -0.5495421290397644, 0.7701796889305115, -0.006413859315216541, -0.07036405056715012, -0.013148995116353035, -0.7081713080406189]
[PYTHON] Final MoE Output (last 20): [-0.34897056221961975, 0.29639190435409546, 0.7555780410766602, -0.1436256766319275, -0.3025686740875244, 0.04249235987663269, -0.13290797173976898, 0.11233758926391602, -0.3882197439670563, 0.7917858362197876, -0.0019016452133655548, 0.027094725519418716, -0.13951587677001953, 0.7632861137390137, -0.7907358407974243, 0.6970674395561218, -0.1299028843641281, 0.0499957799911499, -0.01559455692768097, -0.708823025226593]
[PYTHON] MLP output : [-0.34897056221961975, 0.29639190435409546, 0.7555780410766602, -0.1436256766319275, -0.3025686740875244, 0.04249235987663269, -0.13290797173976898, 0.11233758926391602, -0.3882197439670563, 0.7917858362197876, -0.0019016452133655548, 0.027094725519418716, -0.13951587677001953, 0.7632861137390137, -0.7907358407974243, 0.6970674395561218, -0.1299028843641281, 0.0499957799911499, -0.01559455692768097, -0.708823025226593]
[PYTHON] MLP + residual output : [4.05088996887207, 5.737083435058594, 16.2847900390625, 13.132975578308105, 9.78369426727295, 6.443310260772705, 30.45347785949707, 0.009013377130031586, 40.48762130737305, -3.7631583213806152, -9.815686225891113, -4.847265720367432, 11.991227149963379, -16.268003463745117, 2.1836137771606445, -28.535396575927734, -15.21096134185791, -7.36384916305542, -8.048995971679688, 4.7964558601379395]
[PYTHON] input hidden state of decoder layer: [4.05088996887207, 5.737083435058594, 16.2847900390625, 13.132975578308105, 9.78369426727295, 6.443310260772705, 30.45347785949707, 0.009013377130031586, 40.48762130737305, -3.7631583213806152, -9.815686225891113, -4.847265720367432, 11.991227149963379, -16.268003463745117, 2.1836137771606445, -28.535396575927734, -15.21096134185791, -7.36384916305542, -8.048995971679688, 4.7964558601379395]
[PYTHON] input_layernorm layer: [0.034913163632154465, 0.04742766171693802, 0.13271449506282806, 0.11703833192586899, 0.07743870466947556, 0.05251039192080498, 0.29639196395874023, 7.292695227079093e-05, 0.32758405804634094, -0.03199203684926033, -0.08747534453868866, -0.04120844602584839, 0.10264501720666885, -0.14402325451374054, 0.017027420923113823, -0.23255202174186707, -0.13823238015174866, -0.06001241132616997, -0.06795565783977509, 0.041057709604501724]
[PYTHON] attention output : [-0.023929491639137268, -0.030724646523594856, -0.042965035885572433, -0.09428258240222931, 0.19848425686359406, -0.05274970456957817, 0.26720717549324036, -0.030579907819628716, 0.019043605774641037, -0.11863230168819427, 0.1735791116952896, -0.07552322000265121, -0.04993534833192825, 0.10661860555410385, 0.11235915124416351, -0.11939992010593414, -0.1646767258644104, 0.03679721802473068, 0.04335892200469971, 0.09308448433876038]
[PYTHON] attention + residual output : [4.026960372924805, 5.706358909606934, 16.241825103759766, 13.03869342803955, 9.982178688049316, 6.390560626983643, 30.720685958862305, -0.02156653068959713, 40.50666427612305, -3.8817906379699707, -9.642107009887695, -4.922789096832275, 11.941291809082031, -16.16138458251953, 2.2959728240966797, -28.654796600341797, -15.375638008117676, -7.327052116394043, -8.005637168884277, 4.889540195465088]
[PYTHON] post layer norm output : [0.08400680124759674, 0.11904089152812958, 0.34072574973106384, 0.2735294997692108, 0.20238974690437317, 0.1310672163963318, 0.6192648410797119, -0.0004524289979599416, 0.8212770223617554, -0.08006852865219116, -0.1943647414445877, -0.10211782902479172, 0.24770893156528473, -0.3352500796318054, 0.048165589570999146, -0.5843373537063599, -0.31174272298812866, -0.15199162065982819, -0.16606812179088593, 0.09970899671316147]
[PYTHON] MoE Input (last 20): [0.08400680124759674, 0.11904089152812958, 0.34072574973106384, 0.2735294997692108, 0.20238974690437317, 0.1310672163963318, 0.6192648410797119, -0.0004524289979599416, 0.8212770223617554, -0.08006852865219116, -0.1943647414445877, -0.10211782902479172, 0.24770893156528473, -0.3352500796318054, 0.048165589570999146, -0.5843373537063599, -0.31174272298812866, -0.15199162065982819, -0.16606812179088593, 0.09970899671316147]
[PYTHON] TopK indices: [0, 8, 3, 5, 55, 11]
[PYTHON] TopK weights: [0.013576904311776161, 0.01398405246436596, 0.5712695121765137, 0.012511907145380974, 0.012718074023723602, 0.012461054138839245]
[PYTHON] Routed Expert Output (last 20): [0.060168325901031494, -0.13760140538215637, 0.07750482857227325, 0.11746123433113098, 0.05987551808357239, -0.37378382682800293, -0.032029807567596436, -0.07878820598125458, 0.03309909999370575, 0.048603422939777374, -0.1726435124874115, 0.21858830749988556, -0.05823832377791405, 0.052023936063051224, -0.16816483438014984, -0.0014603659510612488, -0.012848456390202045, 0.09127876907587051, -0.08081565052270889, -0.04711679741740227]
[PYTHON] Shared Expert Output (last 20): [-0.18726184964179993, -0.10179696977138519, 0.043895214796066284, -0.24386756122112274, 0.02998831309378147, -0.3040700852870941, 0.012673435732722282, 0.4032844007015228, 0.11465900391340256, 0.10160166770219803, -0.07359921932220459, -0.030213138088583946, -0.09277692437171936, -0.14591079950332642, -0.2990037202835083, -0.025413010269403458, 0.12537695467472076, 0.0028939966578036547, -0.09929697215557098, 0.14369851350784302]
[PYTHON] Final MoE Output (last 20): [-0.12709352374076843, -0.23939837515354156, 0.12140004336833954, -0.12640632688999176, 0.08986382931470871, -0.6778539419174194, -0.019356371834874153, 0.32449620962142944, 0.1477580964565277, 0.1502050906419754, -0.2462427318096161, 0.18837517499923706, -0.1510152518749237, -0.09388686716556549, -0.46716856956481934, -0.026873376220464706, 0.112528495490551, 0.09417276829481125, -0.18011263012886047, 0.09658171236515045]
[PYTHON] MLP output : [-0.12709352374076843, -0.23939837515354156, 0.12140004336833954, -0.12640632688999176, 0.08986382931470871, -0.6778539419174194, -0.019356371834874153, 0.32449620962142944, 0.1477580964565277, 0.1502050906419754, -0.2462427318096161, 0.18837517499923706, -0.1510152518749237, -0.09388686716556549, -0.46716856956481934, -0.026873376220464706, 0.112528495490551, 0.09417276829481125, -0.18011263012886047, 0.09658171236515045]
[PYTHON] MLP + residual output : [3.899866819381714, 5.466960430145264, 16.36322593688965, 12.912286758422852, 10.072042465209961, 5.712706565856934, 30.701330184936523, 0.30292966961860657, 40.654422760009766, -3.7315855026245117, -9.888349533081055, -4.734414100646973, 11.790276527404785, -16.255271911621094, 1.8288042545318604, -28.681669235229492, -15.26310920715332, -7.232879161834717, -8.185750007629395, 4.986122131347656]
[PYTHON] input hidden state of decoder layer: [3.899866819381714, 5.466960430145264, 16.36322593688965, 12.912286758422852, 10.072042465209961, 5.712706565856934, 30.701330184936523, 0.30292966961860657, 40.654422760009766, -3.7315855026245117, -9.888349533081055, -4.734414100646973, 11.790276527404785, -16.255271911621094, 1.8288042545318604, -28.681669235229492, -15.26310920715332, -7.232879161834717, -8.185750007629395, 4.986122131347656]
[PYTHON] input_layernorm layer: [0.02778787352144718, 0.039915770292282104, 0.11563391238451004, 0.09768370538949966, 0.07353872805833817, 0.04254758358001709, 0.2358618676662445, 0.0024160724133253098, 0.28729236125946045, -0.027573583647608757, -0.07538699358701706, -0.037204910069704056, 0.07916964590549469, -0.12011411041021347, 0.012226476334035397, -0.21445877850055695, -0.11188768595457077, -0.05556633323431015, -0.058566268533468246, 0.0364050418138504]
[PYTHON] attention output : [-0.0838921070098877, -0.031383659690618515, -0.06747348606586456, -0.007435614243149757, 0.14013150334358215, -0.060522302985191345, 0.2796013057231903, 0.06596943736076355, 0.0050970641896128654, -0.12772710621356964, 0.059612371027469635, -0.027636157348752022, -0.005445067770779133, -0.024508759379386902, 0.09653598815202713, -0.09696371853351593, -0.0367746576666832, 0.03641744703054428, 0.039822861552238464, 0.14310523867607117]
[PYTHON] attention + residual output : [3.815974712371826, 5.435576915740967, 16.295751571655273, 12.904850959777832, 10.212174415588379, 5.65218448638916, 30.980932235717773, 0.3688991069793701, 40.65951919555664, -3.8593125343322754, -9.828737258911133, -4.762050151824951, 11.784831047058105, -16.279781341552734, 1.9253402948379517, -28.77863311767578, -15.299883842468262, -7.1964616775512695, -8.145927429199219, 5.129227161407471]
[PYTHON] post layer norm output : [0.08635691553354263, 0.12364646047353745, 0.37451115250587463, 0.2935546934604645, 0.22631551325321198, 0.1259227693080902, 0.6793137192726135, 0.008478089235723019, 0.9010696411132812, -0.08688513189554214, -0.21551306545734406, -0.10720856487751007, 0.2666950523853302, -0.3684174418449402, 0.04402267187833786, -0.6411476731300354, -0.340859979391098, -0.16539005935192108, -0.18625564873218536, 0.11487343162298203]
[PYTHON] MoE Input (last 20): [0.08635691553354263, 0.12364646047353745, 0.37451115250587463, 0.2935546934604645, 0.22631551325321198, 0.1259227693080902, 0.6793137192726135, 0.008478089235723019, 0.9010696411132812, -0.08688513189554214, -0.21551306545734406, -0.10720856487751007, 0.2666950523853302, -0.3684174418449402, 0.04402267187833786, -0.6411476731300354, -0.340859979391098, -0.16539005935192108, -0.18625564873218536, 0.11487343162298203]
[PYTHON] TopK indices: [5, 45, 47, 3, 0, 16]
[PYTHON] TopK weights: [0.005136131774634123, 0.8676936626434326, 0.009105152450501919, 0.005583710502833128, 0.0046007088385522366, 0.0045211901888251305]
[PYTHON] Routed Expert Output (last 20): [0.06697794049978256, -0.03804965317249298, -0.05315260589122772, 0.08133725821971893, 0.03079226426780224, -0.09845340251922607, -0.022574469447135925, -0.02327430620789528, -0.02392716333270073, 0.0690268725156784, -0.06436118483543396, 0.046556293964385986, 0.07381892204284668, -0.043852970004081726, -0.1683052033185959, 0.10182458162307739, 0.056154169142246246, 0.00778296310454607, -0.056911468505859375, -0.16821438074111938]
[PYTHON] Shared Expert Output (last 20): [-0.2689403295516968, -0.7015988230705261, 0.5698276162147522, -0.9178493022918701, -0.14861245453357697, -0.3174983263015747, -0.024878859519958496, 0.49001502990722656, -1.2468363046646118, 1.3568596839904785, -0.28573763370513916, 0.4276026785373688, 0.058723144233226776, 0.061444953083992004, -1.039000391960144, -0.0834195613861084, -0.20644044876098633, 0.4145461320877075, -0.03714075684547424, 0.25056707859039307]
[PYTHON] Final MoE Output (last 20): [-0.20196238160133362, -0.7396484613418579, 0.5166749954223633, -0.83651202917099, -0.11782018840312958, -0.4159517288208008, -0.04745332896709442, 0.4667407274246216, -1.2707635164260864, 1.4258865118026733, -0.3500988185405731, 0.47415897250175476, 0.13254207372665405, 0.01759198307991028, -1.2073055505752563, 0.018405020236968994, -0.15028628706932068, 0.4223290979862213, -0.09405222535133362, 0.08235269784927368]
[PYTHON] MLP output : [-0.20196238160133362, -0.7396484613418579, 0.5166749954223633, -0.83651202917099, -0.11782018840312958, -0.4159517288208008, -0.04745332896709442, 0.4667407274246216, -1.2707635164260864, 1.4258865118026733, -0.3500988185405731, 0.47415897250175476, 0.13254207372665405, 0.01759198307991028, -1.2073055505752563, 0.018405020236968994, -0.15028628706932068, 0.4223290979862213, -0.09405222535133362, 0.08235269784927368]
[PYTHON] MLP + residual output : [3.6140122413635254, 4.695928573608398, 16.812427520751953, 12.068339347839355, 10.094354629516602, 5.236232757568359, 30.93347930908203, 0.8356398344039917, 39.388755798339844, -2.4334259033203125, -10.17883586883545, -4.287891387939453, 11.917372703552246, -16.262189865112305, 0.7180347442626953, -28.76022720336914, -15.450170516967773, -6.77413272857666, -8.23997974395752, 5.2115797996521]
[PYTHON] input hidden state of decoder layer: [3.6140122413635254, 4.695928573608398, 16.812427520751953, 12.068339347839355, 10.094354629516602, 5.236232757568359, 30.93347930908203, 0.8356398344039917, 39.388755798339844, -2.4334259033203125, -10.17883586883545, -4.287891387939453, 11.917372703552246, -16.262189865112305, 0.7180347442626953, -28.76022720336914, -15.450170516967773, -6.77413272857666, -8.23997974395752, 5.2115797996521]
[PYTHON] input_layernorm layer: [0.02745862305164337, 0.03733830899000168, 0.13565956056118011, 0.09453628957271576, 0.08442407846450806, 0.0428679957985878, 0.27146539092063904, 0.006791999097913504, 0.3155081570148468, -0.020351942628622055, -0.08153357356786728, -0.035609208047389984, 0.08984417468309402, -0.12738846242427826, 0.005540081765502691, -0.2439238280057907, -0.1310373842716217, -0.05545847490429878, -0.0630912184715271, 0.044200919568538666]
[PYTHON] attention output : [-0.096991166472435, 0.05058380216360092, -0.12656669318675995, -0.14796502888202667, 0.14394637942314148, -0.11014421284198761, 0.09535633027553558, -0.011405223980545998, 0.011072015389800072, -0.17257021367549896, 0.04557398334145546, -0.003833287861198187, 0.0017105643637478352, -0.030747568234801292, 0.026005428284406662, -0.1468917727470398, -0.02439449168741703, 0.12116804718971252, -0.053872499614953995, 0.09158631414175034]
[PYTHON] attention + residual output : [3.5170211791992188, 4.746512413024902, 16.685861587524414, 11.920373916625977, 10.238301277160645, 5.126088619232178, 31.02883529663086, 0.8242346048355103, 39.39982604980469, -2.6059961318969727, -10.133261680603027, -4.291724681854248, 11.919083595275879, -16.292938232421875, 0.7440401911735535, -28.907119750976562, -15.474564552307129, -6.6529645919799805, -8.293851852416992, 5.303165912628174]
[PYTHON] post layer norm output : [0.08945158869028091, 0.1201634481549263, 0.426351398229599, 0.3045852780342102, 0.25557777285575867, 0.12796208262443542, 0.7709162831306458, 0.021157611161470413, 0.9835341572761536, -0.06566695123910904, -0.25295567512512207, -0.10864997655153275, 0.300341933965683, -0.4105561077594757, 0.018923848867416382, -0.7182019352912903, -0.38629013299942017, -0.17077763378620148, -0.2109450399875641, 0.1342557817697525]
[PYTHON] MoE Input (last 20): [0.08945158869028091, 0.1201634481549263, 0.426351398229599, 0.3045852780342102, 0.25557777285575867, 0.12796208262443542, 0.7709162831306458, 0.021157611161470413, 0.9835341572761536, -0.06566695123910904, -0.25295567512512207, -0.10864997655153275, 0.300341933965683, -0.4105561077594757, 0.018923848867416382, -0.7182019352912903, -0.38629013299942017, -0.17077763378620148, -0.2109450399875641, 0.1342557817697525]
[PYTHON] TopK indices: [10, 63, 47, 24, 62, 5]
[PYTHON] TopK weights: [0.0026465151458978653, 0.9673029780387878, 0.0017201949376612902, 0.002178667113184929, 0.0016860627802088857, 0.0012587681412696838]
[PYTHON] Routed Expert Output (last 20): [-2.902277708053589, -1.8663567304611206, -2.2099151611328125, -5.209980010986328, -1.1611591577529907, -7.0876336097717285, -14.368176460266113, 0.009429133497178555, -6.180879592895508, -0.43944594264030457, 11.19939136505127, 3.193924903869629, -14.214254379272461, 4.7509379386901855, -1.5503807067871094, 9.339963912963867, 3.1856815814971924, 6.523624420166016, 4.306963920593262, 3.436371326446533]
[PYTHON] Shared Expert Output (last 20): [-0.4759482741355896, -1.346135139465332, 1.085822343826294, -1.074309229850769, -1.0742729902267456, -0.2625245451927185, -0.16633731126785278, -0.7997618317604065, -0.4671677052974701, 1.2133259773254395, 0.3558410406112671, -0.0788286104798317, -0.4191218912601471, 0.9463287591934204, -1.1880751848220825, 0.7706001996994019, 0.1572418510913849, 0.8429703116416931, 0.4396146833896637, 0.11742585152387619]
[PYTHON] Final MoE Output (last 20): [-3.3782260417938232, -3.212491989135742, -1.1240928173065186, -6.284289360046387, -2.2354321479797363, -7.350158214569092, -14.534513473510742, -0.7903326749801636, -6.64804744720459, 0.7738800048828125, 11.555232048034668, 3.1150963306427, -14.633376121520996, 5.697266578674316, -2.7384557723999023, 10.110564231872559, 3.342923402786255, 7.3665947914123535, 4.746578693389893, 3.5537972450256348]
[PYTHON] MLP output : [-3.3782260417938232, -3.212491989135742, -1.1240928173065186, -6.284289360046387, -2.2354321479797363, -7.350158214569092, -14.534513473510742, -0.7903326749801636, -6.64804744720459, 0.7738800048828125, 11.555232048034668, 3.1150963306427, -14.633376121520996, 5.697266578674316, -2.7384557723999023, 10.110564231872559, 3.342923402786255, 7.3665947914123535, 4.746578693389893, 3.5537972450256348]
[PYTHON] MLP + residual output : [0.1387951374053955, 1.5340204238891602, 15.561768531799316, 5.63608455657959, 8.00286865234375, -2.224069595336914, 16.494321823120117, 0.03390192985534668, 32.75177764892578, -1.8321161270141602, 1.4219703674316406, -1.1766283512115479, -2.714292526245117, -10.595671653747559, -1.994415521621704, -18.796554565429688, -12.131641387939453, 0.713630199432373, -3.5472731590270996, 8.856963157653809]
[PYTHON] input hidden state of decoder layer: [0.1387951374053955, 1.5340204238891602, 15.561768531799316, 5.63608455657959, 8.00286865234375, -2.224069595336914, 16.494321823120117, 0.03390192985534668, 32.75177764892578, -1.8321161270141602, 1.4219703674316406, -1.1766283512115479, -2.714292526245117, -10.595671653747559, -1.994415521621704, -18.796554565429688, -12.131641387939453, 0.713630199432373, -3.5472731590270996, 8.856963157653809]
[PYTHON] input_layernorm layer: [0.0017967679305002093, 0.02312648296356201, 0.2346050888299942, 0.08404454588890076, 0.10753508657217026, -0.02842716872692108, 0.24596114456653595, 0.0005305403610691428, 0.4427712857723236, -0.02461826801300049, 0.019573137164115906, -0.017834940925240517, -0.034470610320568085, -0.146715447306633, -0.026799095794558525, -0.27259141206741333, -0.17593549191951752, 0.009998387657105923, -0.048536866903305054, 0.1262684166431427]
[PYTHON] attention output : [0.06334087252616882, -0.3220199942588806, -0.21591684222221375, -0.14745837450027466, -0.004188908729702234, -0.23892608284950256, 0.3024285137653351, -0.010271034203469753, 0.1227816715836525, -0.19004717469215393, -0.08532101660966873, -0.02107413485646248, -0.19539235532283783, -0.11230962723493576, 0.07811149954795837, -0.1292935311794281, 0.16644228994846344, 0.33686161041259766, 0.029154419898986816, -0.0712374895811081]
[PYTHON] attention + residual output : [0.20213600993156433, 1.2120003700256348, 15.34585189819336, 5.488626003265381, 7.9986796379089355, -2.462995767593384, 16.796751022338867, 0.023630894720554352, 32.87455749511719, -2.0221633911132812, 1.3366492986679077, -1.1977025270462036, -2.909684896469116, -10.70798110961914, -1.9163039922714233, -18.92584800720215, -11.96519947052002, 1.0504918098449707, -3.5181188583374023, 8.785725593566895]
[PYTHON] post layer norm output : [0.007215854711830616, 0.042670607566833496, 0.5528423190116882, 0.19413553178310394, 0.28029781579971313, -0.08711743354797363, 0.5886087417602539, 0.0008513153879903257, 1.152023434638977, -0.07185609638690948, 0.04684021323919296, -0.04255948215723038, -0.10291705280542374, -0.38050025701522827, -0.06840825825929642, -0.6694169640541077, -0.41929659247398376, 0.038532599806785583, -0.12558987736701965, 0.3107556402683258]
[PYTHON] MoE Input (last 20): [0.007215854711830616, 0.042670607566833496, 0.5528423190116882, 0.19413553178310394, 0.28029781579971313, -0.08711743354797363, 0.5886087417602539, 0.0008513153879903257, 1.152023434638977, -0.07185609638690948, 0.04684021323919296, -0.04255948215723038, -0.10291705280542374, -0.38050025701522827, -0.06840825825929642, -0.6694169640541077, -0.41929659247398376, 0.038532599806785583, -0.12558987736701965, 0.3107556402683258]
[PYTHON] TopK indices: [39, 11, 1, 38, 45, 54]
[PYTHON] TopK weights: [0.1535767912864685, 0.546506404876709, 0.003153002355247736, 0.10880934447050095, 0.1390603482723236, 0.002811745274811983]
[PYTHON] Routed Expert Output (last 20): [-1.004413366317749, -2.306614398956299, -1.3511545658111572, -2.3561179637908936, 2.546860694885254, -7.821138381958008, -10.054139137268066, 2.2636425495147705, -7.968061923980713, 2.1399593353271484, -0.06233809143304825, 0.3061838150024414, 0.9515870809555054, 5.987943649291992, -2.0266525745391846, 3.4908273220062256, 2.916775941848755, 5.619072437286377, 2.521916389465332, 2.2113735675811768]
[PYTHON] Shared Expert Output (last 20): [2.1874892711639404, 2.6455366611480713, -3.370190143585205, -0.9767174124717712, -1.3554861545562744, 5.152729511260986, -4.560158729553223, -0.13103650510311127, -7.068418025970459, -3.2476818561553955, -5.1493730545043945, 0.6773514151573181, 5.019777297973633, -0.6456167101860046, 1.8526273965835571, 6.55174446105957, 7.071968078613281, -4.199155807495117, -3.019973039627075, -1.4026387929916382]
[PYTHON] Final MoE Output (last 20): [1.1830759048461914, 0.33892226219177246, -4.721344947814941, -3.3328354358673096, 1.1913745403289795, -2.6684088706970215, -14.614297866821289, 2.132606029510498, -15.036479949951172, -1.107722520828247, -5.2117109298706055, 0.9835352301597595, 5.971364498138428, 5.342327117919922, -0.17402517795562744, 10.042572021484375, 9.988743782043457, 1.4199166297912598, -0.49805665016174316, 0.8087347745895386]
[PYTHON] MLP output : [1.1830759048461914, 0.33892226219177246, -4.721344947814941, -3.3328354358673096, 1.1913745403289795, -2.6684088706970215, -14.614297866821289, 2.132606029510498, -15.036479949951172, -1.107722520828247, -5.2117109298706055, 0.9835352301597595, 5.971364498138428, 5.342327117919922, -0.17402517795562744, 10.042572021484375, 9.988743782043457, 1.4199166297912598, -0.49805665016174316, 0.8087347745895386]
[PYTHON] MLP + residual output : [1.3852119445800781, 1.5509226322174072, 10.624506950378418, 2.1557905673980713, 9.190053939819336, -5.131404876708984, 2.182453155517578, 2.1562368869781494, 17.838077545166016, -3.1298859119415283, -3.875061511993408, -0.2141672968864441, 3.0616796016693115, -5.365653991699219, -2.090329170227051, -8.883275985717773, -1.9764556884765625, 2.4704084396362305, -4.016175270080566, 9.594460487365723]
[PYTHON] input hidden state of decoder layer: [1.3852119445800781, 1.5509226322174072, 10.624506950378418, 2.1557905673980713, 9.190053939819336, -5.131404876708984, 2.182453155517578, 2.1562368869781494, 17.838077545166016, -3.1298859119415283, -3.875061511993408, -0.2141672968864441, 3.0616796016693115, -5.365653991699219, -2.090329170227051, -8.883275985717773, -1.9764556884765625, 2.4704084396362305, -4.016175270080566, 9.594460487365723]
[PYTHON] input_layernorm layer: [0.0707792192697525, 0.08518990874290466, 0.5754454731941223, 0.11510983109474182, 0.4484468102455139, -0.29234838485717773, 0.11318802833557129, 0.1261512190103531, 0.9934912919998169, -0.1871129721403122, -0.20493139326572418, -0.01176389493048191, 0.14470748603343964, -0.26319849491119385, -0.11108042299747467, -0.4720587134361267, -0.10553412139415741, 0.1394827663898468, -0.23086319863796234, 0.5392656326293945]
[PYTHON] attention output : [0.0912894532084465, -0.001803637365810573, -0.024603677913546562, -0.009557623416185379, 0.0622716024518013, 0.021535666659474373, -0.0153630580753088, 0.01001087948679924, 0.036604076623916626, -0.07059985399246216, -0.03117036446928978, 0.009004996158182621, 0.11778680980205536, 0.01569303683936596, 0.09406492859125137, -0.03124726377427578, -0.010415405035018921, 0.1349523812532425, 0.10450384765863419, -0.0825398787856102]
[PYTHON] attention + residual output : [1.4765013456344604, 1.549118995666504, 10.599903106689453, 2.146232843399048, 9.252326011657715, -5.109869003295898, 2.1670901775360107, 2.166247844696045, 17.87468147277832, -3.2004857063293457, -3.9062318801879883, -0.20516230165958405, 3.179466485977173, -5.349960803985596, -1.9962642192840576, -8.914523124694824, -1.9868711233139038, 2.605360746383667, -3.9116714000701904, 9.511920928955078]
[PYTHON] post layer norm output : [0.17108912765979767, 0.18266673386096954, 1.282368779182434, 0.2486940622329712, 1.06266450881958, -0.5999296307563782, 0.2488984614610672, 0.25543642044067383, 2.071223020553589, -0.37902387976646423, -0.4486454129219055, -0.024087298661470413, 0.36679670214653015, -0.6171940565109253, -0.23641155660152435, -1.0284171104431152, -0.22921383380889893, 0.3165246546268463, -0.4592539370059967, 1.0973353385925293]
[PYTHON] MoE Input (last 20): [0.17108912765979767, 0.18266673386096954, 1.282368779182434, 0.2486940622329712, 1.06266450881958, -0.5999296307563782, 0.2488984614610672, 0.25543642044067383, 2.071223020553589, -0.37902387976646423, -0.4486454129219055, -0.024087298661470413, 0.36679670214653015, -0.6171940565109253, -0.23641155660152435, -1.0284171104431152, -0.22921383380889893, 0.3165246546268463, -0.4592539370059967, 1.0973353385925293]
[PYTHON] TopK indices: [57, 56, 9, 34, 54, 14]
[PYTHON] TopK weights: [0.04455557465553284, 0.12394797801971436, 0.07531172037124634, 0.07085549831390381, 0.044728249311447144, 0.03908536955714226]
[PYTHON] Routed Expert Output (last 20): [-1.2075998783111572, 0.03174382448196411, 1.9393525123596191, 4.058010101318359, 1.6968061923980713, 0.6992902755737305, -0.7043600082397461, 0.8591850996017456, 3.663334369659424, 1.3296120166778564, 0.33471375703811646, -1.1277050971984863, -4.013821601867676, -0.6733306646347046, -0.9163941740989685, 2.046804666519165, -0.41297149658203125, 2.126052141189575, -3.6467020511627197, 0.19070877134799957]
[PYTHON] Shared Expert Output (last 20): [1.0287219285964966, -5.266906261444092, -8.830069541931152, -6.070825099945068, -1.6449476480484009, -2.0118470191955566, -0.9928848147392273, -7.436044216156006, -15.84896469116211, -1.3620320558547974, 5.398993968963623, 7.497315883636475, 2.7195847034454346, 3.0246946811676025, 10.950746536254883, 2.6553592681884766, 1.2101999521255493, 0.6873788237571716, 0.37518906593322754, -10.132248878479004]
[PYTHON] Final MoE Output (last 20): [-0.17887794971466064, -5.235162258148193, -6.890717029571533, -2.012814998626709, 0.05185854434967041, -1.3125567436218262, -1.6972448825836182, -6.576858997344971, -12.185630798339844, -0.03242003917694092, 5.733707904815674, 6.369610786437988, -1.2942368984222412, 2.3513641357421875, 10.03435230255127, 4.7021636962890625, 0.7972284555435181, 2.8134310245513916, -3.271512985229492, -9.941539764404297]
[PYTHON] MLP output : [-0.17887794971466064, -5.235162258148193, -6.890717029571533, -2.012814998626709, 0.05185854434967041, -1.3125567436218262, -1.6972448825836182, -6.576858997344971, -12.185630798339844, -0.03242003917694092, 5.733707904815674, 6.369610786437988, -1.2942368984222412, 2.3513641357421875, 10.03435230255127, 4.7021636962890625, 0.7972284555435181, 2.8134310245513916, -3.271512985229492, -9.941539764404297]
[PYTHON] MLP + residual output : [1.2976233959197998, -3.6860432624816895, 3.70918607711792, 0.13341784477233887, 9.304184913635254, -6.422425746917725, 0.4698452949523926, -4.410611152648926, 5.689050674438477, -3.232905864715576, 1.8274760246276855, 6.164448261260986, 1.8852295875549316, -2.998596668243408, 8.038087844848633, -4.212359428405762, -1.1896426677703857, 5.418791770935059, -7.183184623718262, -0.42961883544921875]
[PYTHON] Model Output Norm(last Norm) : [0.03682001680135727, -0.10577315837144852, 0.10465338826179504, 0.003892667591571808, 0.27146369218826294, -0.18223609030246735, 0.01370844803750515, -0.12797918915748596, 0.1705467402935028, -0.09173357486724854, 0.05273345485329628, 0.17293953895568848, 0.05349331721663475, -0.08556577563285828, 0.22936902940273285, -0.11952553689479828, -0.0356631875038147, 0.15028324723243713, -0.2003679722547531, -0.012465907260775566]
[PYTHON] Top 5 tokens: (185, 5.022677) (16, 4.705142) (17, 4.466682) (15, 3.983971) (100000, 3.981508) 
----------------------------------------------------------------
output_ids : [185]
----------------------------------------------------------------